id,Domain,Status,Attractiveness,Demand,Length,Registrar,Created,Expires
46b1e28c-0971-42de-b9b5-148a849170de,services.academy,resell,72,24,8,Dynadot Inc,06/07/2025 17:00,06/07/2026 17:00
d819149a-6c1b-41f2-a6f7-e1c6eb8d684a,services.accountant,premium,72,24,8,,,
3ded9c07-6a8f-4b3d-9e3c-6e914f8ab173,services.accountants,premium,72,24,8,,,
60f34592-b652-46d0-9859-b5e76bf0bfa3,services.actor,available,72,24,8,,,
ee606920-aec6-4d99-87d9-cdd6fdae5847,services.adult,premium,72,24,8,,,
74117298-dcdc-40c3-893c-3ec02479b739,services.ag,available,72,24,8,,,
37c77036-717d-4f84-8173-ec8fe7d9b22a,services.airforce,available,72,24,8,,,
a19bf9bf-695e-4376-9130-00c022eb5124,services.apartments,available,72,24,8,,,
b8f41b5c-bb74-4618-9098-d81ec0ae73a3,services.army,available,72,24,8,,,
2f5327ef-395b-41c6-a3a4-2bbe7da9de72,services.asia,resell,72,24,8,"GoDaddy.com, LLC",04/07/2008 07:05,04/07/2026 07:05
7896e28b-f33a-429d-9610-64c56f6242a9,services.associates,premium,72,24,8,,,
34062282-5b12-4094-ba82-018dedb958bc,services.at,premium,72,24,8,,,
fe11b160-51be-48bd-9dcb-4bfe7c312f93,services.attorney,premium,72,24,8,,,
1692432a-ebe7-48d0-8e55-bd324dc38f87,services.auction,premium,72,24,8,,,
5badaf19-5d49-4152-b099-30db1afb73c8,services.audio,premium,72,24,8,,,
a17cfe93-3dfa-4bc2-82b1-f845949cea43,services.auto,available,72,24,8,,,
4420efb6-947c-4f23-88a9-3ec910ec3f06,services.autos,premium,72,24,8,,,
cf4ca5a3-e062-4c8d-bebd-2537c20f3c6f,services.baby,premium,72,24,8,,,
f0505b83-995f-4a4f-bd4b-017c0a1d2e18,services.band,available,72,24,8,,,
877dc392-318e-40a8-9061-7c8ef8fc1b77,services.bar,premium,72,24,8,,,
69b05676-699c-4e68-9239-d28348d089c8,services.bargains,premium,72,24,8,,,
a8edda00-e6fd-4f4c-b644-ad2845ca84f9,services.bayern,available,72,24,8,,,
8fc60820-843c-4c9e-8775-c110351f70ca,services.beauty,premium,72,24,8,,,
6a64be33-85b7-498e-a5e6-7ee36b94981a,services.beer,available,72,24,8,,,
48e4e3cd-dcce-4e3f-8032-514218d9ef63,services.berlin,premium,72,24,8,,,
220c79d4-0141-4786-a3dd-6a8c0cb315e4,services.best,resell,72,24,8,"Sav.com, LLC",21/09/2025 13:30,21/09/2026 23:59
6765d38d-cf7d-4674-9a54-0f9902aa70f1,services.bid,premium,72,24,8,,,
bc00e10f-8cf9-47e3-9a84-c371e5905557,services.bike,available,72,24,8,,,
27b47b0d-6474-476e-9172-e40809a5cb55,services.bingo,available,72,24,8,,,
06d5177f-6d6a-4bbe-a633-2397187da33a,services.bio,resell,72,24,8,"Sav.com, LLC - 42",20/09/2025 15:15,20/09/2026 15:15
44b8733f-a84f-410b-8c06-a5ce2716518d,services.biz,expired,72,24,8,"Registry Services, LLC",30/09/2001 19:16,06/11/2025 23:59
d1c93acf-98c2-48ea-9e5d-601317a1dc6a,services.black,resell,72,24,8,"Xiamen ChinaSource Internet Service Co., Ltd",05/07/2025 15:15,05/07/2026 15:15
1d7d6cba-6ddd-4514-94a7-c1934feded62,services.blackfriday,available,72,24,8,,,
f8d0d261-e90a-4e02-9e11-369028085973,services.blog,premium,72,24,8,,,
dd074743-83ec-476c-8634-619a9699f9de,services.blue,resell,72,24,8,"Spaceship, Inc.",01/06/2024 17:00,01/06/2026 17:00
8214a618-b5b7-49ed-a83b-5b2500674406,services.boats,premium,72,24,8,,,
b5cfdead-848c-442f-ab86-0cca2ceb1522,services.boo,premium,72,24,8,,,
ddd34243-54c7-44d1-9962-5e33fdb64c61,services.boston,expired,72,24,8,"GoDaddy.com, LLC",24/10/2017 16:43,24/10/2025 16:43
bd61a896-2d2a-47b0-a11f-e9416b62d51c,services.bot,premium,72,24,8,,,
9e45132a-43af-4da9-add9-b5120b316234,services.build,premium,72,24,8,,,
6b42bf96-3564-4ef4-a48e-1a25d71d2613,services.builders,premium,72,24,8,,,
a2107a97-eb9b-48e6-b777-6b72c3ca3469,services.business,expiring,72,24,8,"GoDaddy.com, LLC",18/12/2024 23:16,18/12/2025 23:16
aa9284f8-76c9-44fa-8379-8cfaaca4f5c3,services.buzz,premium,72,24,8,,,
13ebdbe2-6fb9-4020-aca5-bd2db6ceda2c,services.cab,available,72,24,8,,,
5199d781-bd30-46b9-9300-cf49e7eaad61,services.cafe,expiring,72,24,8,"Chengdu West Dimension Digital Technology Co., Ltd.",09/12/2023 15:15,09/12/2025 15:15
9a3fb5eb-7681-4d76-9662-e9f04f8c3870,services.cam,resell,72,24,8,"Spaceship, Inc.",08/12/2024 23:27,08/12/2026 23:59
d269a984-a9a8-4dcf-b562-c47302f5f05e,services.camera,available,72,24,8,,,
4a897a8b-4ff8-49cf-8fea-7e3d51b82922,services.camp,available,72,24,8,,,
8fd3e30c-1a99-4bd3-8e31-0d203ee483e8,services.car,available,72,24,8,,,
f62fb451-e628-4dd8-b897-64180451902d,services.cards,premium,72,24,8,,,
5c0c3c2f-f39a-4256-8655-0d85b8fd4979,services.care,premium,72,24,8,,,
53284fa6-86a9-43d2-bfef-f74b557c6ec2,services.careers,premium,72,24,8,,,
4c8ebeec-bec8-4590-9d42-9bfe43727bbc,services.cars,available,72,24,8,,,
5960fdb7-d9e5-480e-beb6-432bbb34baba,services.casino,available,72,24,8,,,
0b6b2afc-5638-4da5-b87d-31a430f626d7,services.catering,premium,72,24,8,,,
a78ce308-6480-4b15-9a49-54a8c1e8cd2b,services.ceo,expiring,72,24,8,OVH,06/01/2024 06:11,06/01/2026 23:59
ef4e2858-2c96-4c60-a9b0-13462ccc1155,services.cfd,premium,72,24,8,,,
fa8921ef-cce0-488e-bcd2-7db8803ba0c8,services.charity,available,72,24,8,,,
2cbb1ee0-dcff-49a4-a5ca-64405b5aaa15,services.chat,resell,72,24,8,Dynadot Inc,19/06/2025 08:12,19/06/2026 08:12
02c25b86-c55f-4adf-b5b2-bfa75c27070f,services.cheap,premium,72,24,8,,,
46917261-55b9-463d-b60a-ce0f98aac75d,services.christmas,premium,72,24,8,,,
242dbc3b-76e8-49ea-9d4b-d32a7950331c,services.claims,available,72,24,8,,,
91cc1b37-758e-40a5-85e9-686deccc3ffd,services.click,expired,72,24,8,NAMECHEAP,27/10/2023 02:38,27/10/2025 02:38
44ab0c67-60c3-4d75-95c9-6f129994d699,services.clothing,available,72,24,8,,,
4a85e913-c8a6-4708-90dc-f736d27e9a21,services.cloud,premium,72,24,8,,,
307dab41-8efa-44f7-ac41-8a1b513042f7,services.club,resell,72,24,8,"Spaceship, Inc.",18/12/2023 00:00,18/12/2026 00:00
022913c9-7fd9-4de1-be91-1ca8236fa9bd,services.co,resell,72,24,8,Hello Internet Corp.,25/02/2010 00:55,24/02/2026 23:59
b5233991-8aca-4501-98dd-e1141db44430,services.coach,resell,72,24,8,"GoDaddy.com, LLC",26/01/2019 12:13,26/01/2026 12:13
702f8f5c-9504-4fc9-871f-ba4096f7da29,services.codes,expiring,72,24,8,OVH SAS,06/01/2024 06:11,06/01/2026 06:11
c202cbc5-2c9e-4c91-b9db-ab07ebbfd1c0,services.college,premium,72,24,8,,,
0f38b784-3c95-42dd-b99f-2d99b915fce8,services.computer,premium,72,24,8,,,
d478bc00-1a3f-4738-92ad-f9f6357c0d50,services.construction,resell,72,24,8,"Sav.com, LLC",31/07/2025 21:56,31/07/2026 21:56
dcf319ea-ffd9-4c1b-8d5b-793c339ae347,services.consulting,premium,72,24,8,,,
2ad8f918-932e-430e-92bc-ea49277be336,services.cooking,available,72,24,8,,,
e66d985f-4550-4b9e-a670-26480153a393,services.country,available,72,24,8,,,
d786c6a1-4d9d-4fe8-9a22-3ddee4718b38,services.courses,premium,72,24,8,,,
803cc480-0cb9-4257-b3e7-740680ddd80d,services.credit,available,72,24,8,,,
53c0ecf8-4b30-4c55-a5d7-3d91351834d2,services.cricket,premium,72,24,8,,,
cda24125-fb69-45f9-bac2-fd730b97db64,services.cruises,available,72,24,8,,,
a762922e-225d-4148-bc49-aa0e9d237cd9,services.cx,resell,72,24,8,West263 International Limited,04/06/2025 00:00,04/06/2026 15:50
83ccd5ef-0c7e-4b28-bae3-30e26aa4fa2d,services.cyou,resell,72,24,8,Dynadot LLC,14/07/2025 13:05,14/07/2026 23:59
e1ea9d6b-8599-4c76-8400-413c0127d7d4,services.dad,premium,72,24,8,,,
f31be3c8-32df-40c3-8457-d60dfe952df7,services.dance,available,72,24,8,,,
b021995a-e9f7-4105-a448-d0e3ac61fe1b,services.date,premium,72,24,8,,,
a288d94d-f3c9-4f46-a1fb-a596b44fbb24,services.dating,premium,72,24,8,,,
ba841d96-f6f4-46df-aaff-c92f289dd5ab,services.day,premium,72,24,8,,,
b47c3188-3ceb-43a0-a294-4ee6f8942104,services.deal,premium,72,24,8,,,
6f610135-2cb3-4b6d-bccb-340ba55cf2ed,services.dealer,premium,72,24,8,,,
8fb9b078-be2f-4b67-92cd-41d94b4fa47d,services.deals,premium,72,24,8,,,
daaf7b18-4873-4e34-b8bd-1e5bba5f9708,services.degree,premium,72,24,8,,,
076f1f45-02bf-46c3-8a8f-84a694fb6e75,services.democrat,available,72,24,8,,,
fb8a4f3b-a92c-40b7-8c2b-3e5c478e2d7a,services.dentist,premium,72,24,8,,,
023ae0a2-dbc9-44c4-9811-b435b2b012f2,services.diamonds,available,72,24,8,,,
b8013e1d-254a-4e22-97a8-5ac556f1a5d8,services.diet,available,72,24,8,,,
afb9f77c-bd03-4d59-a2be-12b225f260df,services.digital,resell,72,24,8,"NameCheap, Inc.",13/09/2025 15:15,13/09/2026 15:15
84728526-805a-4fde-b559-46ee68c2bf3f,services.directory,expiring,72,24,8,"NameSilo, LLC",12/12/2020 10:39,12/12/2025 10:39
084375db-02b0-48ec-95a5-e260efc53e71,services.discount,premium,72,24,8,,,
f80acfb1-04a5-43e2-85b4-602e7b02c5ae,services.diy,premium,72,24,8,,,
625db559-fdf7-4f58-b8fc-df3a5440e441,services.doctor,resell,72,24,8,"Spaceship, Inc.",04/10/2025 16:26,04/10/2026 16:26
9774d6f3-8edd-4818-9054-a132ae6ac078,services.dog,premium,72,24,8,,,
3b7b65cb-d1fe-40ad-884d-51c3aa954a90,services.download,premium,72,24,8,,,
62e34d52-33a6-4e92-b45b-5619f25c4885,services.email,premium,72,24,8,,,
87db70f7-ecd3-45e0-b2f7-03cc7297730b,services.engineer,available,72,24,8,,,
486696ad-c186-471c-9f53-9e877fd94c40,services.engineering,available,72,24,8,,,
44d7b8cc-c2d3-46b9-a477-c993e5b6b7ad,services.enterprises,available,72,24,8,,,
0d50a2b6-ced6-456d-915b-fe254a5b1639,services.equipment,premium,72,24,8,,,
6796b265-941c-47a9-b08c-3c8fc6e0d8d4,services.esq,premium,72,24,8,,,
5e6a644b-07fd-4150-8377-265bc94ce68f,services.expert,resell,72,24,8,"Sav.com, LLC - 31",03/12/2025 15:15,03/12/2026 15:15
b915f569-f464-4e67-9bac-5827fd02050e,services.exposed,premium,72,24,8,,,
a0708324-e6b3-46dc-a52c-3bef759d7cfb,services.express,resell,72,24,8,"Sav.com, LLC - 34",06/08/2025 15:16,06/08/2026 15:16
6a39c9e1-e353-4df1-8d60-e1e5a169fc13,services.faith,premium,72,24,8,,,
f99c0de5-745d-4ea7-baa2-629dcb0cd19e,services.family,premium,72,24,8,,,
90fbae58-15d2-4a45-9f52-d5cd62107466,services.fan,premium,72,24,8,,,
f3a550b0-fc46-478a-8a28-cbbcb73b6f73,services.fans,premium,72,24,8,,,
f620e0fe-7918-468b-8277-c3db0d4db17b,services.fashion,premium,72,24,8,,,
5642176c-db70-4719-93bf-d4618c11644d,services.fast,premium,72,24,8,,,
4fb8f739-3c33-445b-a77e-50da931b8f82,services.film,premium,72,24,8,,,
528006d2-97ce-4e29-aff0-18f47b1af431,services.finance,premium,72,24,8,,,
3ec06b62-2716-466b-baba-e8e1f7476016,services.financial,premium,72,24,8,,,
0a32afe6-6cc9-45af-a0f6-af530fe648b6,services.fish,premium,72,24,8,,,
464f800e-e59e-42b0-88bc-81440d4ce654,services.fishing,available,72,24,8,,,
766f256d-2486-4bee-b192-42f3bf6821b4,services.fit,premium,72,24,8,,,
3448667e-0bb7-41d9-97e9-a8d93f1f02e8,services.fitness,premium,72,24,8,,,
0aef71fd-fc18-481b-9c7d-c348b33966df,services.flights,premium,72,24,8,,,
78d9bdeb-fe2b-4531-8961-3aeba0763622,services.florist,available,72,24,8,,,
2c78c724-db1e-4d6f-b96d-72d5c8a43438,services.flowers,premium,72,24,8,,,
348e403d-051c-4538-ada0-9a601c96d491,services.foo,premium,72,24,8,,,
cd66ba08-f273-4be8-b972-4f0d8eda234b,services.food,premium,72,24,8,,,
6cf03c56-b355-4b01-8f0f-f47a5a39c9c0,services.football,available,72,24,8,,,
509cbad3-a349-43fb-9973-b0b7f15703bb,services.forum,premium,72,24,8,,,
c0f204e7-12d1-4b45-adfb-83bc2a098bb7,services.foundation,premium,72,24,8,,,
80f4e3d9-e578-4327-9f85-25b3d7f87f2e,services.free,premium,72,24,8,,,
70211880-3d84-4edb-82b7-4b53904210d5,services.fun,premium,72,24,8,,,
897669fa-8916-4bad-97ce-2a0db857bd98,services.fund,premium,72,24,8,,,
6427384d-2c7c-4061-a1f2-caabd466614b,services.furniture,available,72,24,8,,,
60d7b5ff-1318-4c73-8aca-7d7b322b73f2,services.futbol,available,72,24,8,,,
a825848a-9f53-493c-96e2-fd22c1a0b4b6,services.fyi,expiring,72,24,8,Porkbun LLC,21/12/2024 18:47,21/12/2025 18:47
1d2f68c3-b0ad-4569-9fb0-5ca21cc99b9d,services.game,premium,72,24,8,,,
e793c50f-e950-420e-8ef1-e9597999770f,services.games,resell,72,24,8,"DNSPod, Inc.",07/10/2023 15:15,07/10/2026 15:15
656168ea-687c-4354-9b72-5b2b7b08a2fe,services.garden,premium,72,24,8,,,
4126d0eb-9ae5-46c5-9576-d1e080b6749c,services.gay,available,72,24,8,,,
6d794ed3-0a19-4037-ab21-bb3dbfc39082,services.gift,available,72,24,8,,,
52275e86-57d5-48a9-ba5a-08f031d0ba3f,services.gifts,premium,72,24,8,,,
291efc8b-97c0-4622-b1a8-37a7ff535b06,services.gives,available,72,24,8,,,
88141780-3b7d-48ee-9cbf-043f538712f3,services.giving,available,72,24,8,,,
6a12ec40-99ed-443d-8d07-2faf46fc64d4,services.glass,available,72,24,8,,,
55571bd7-8035-49af-8ec3-07b52d4adf03,services.global,premium,72,24,8,,,
5a71ccd9-b2bf-4b5c-a71f-de0ab9c82e25,services.gold,premium,72,24,8,,,
1d8419d2-cafd-4919-8999-1cd2c775d2dc,services.graphics,premium,72,24,8,,,
02dc0cbb-7e94-41bc-872f-59a6e2617c13,services.gratis,premium,72,24,8,,,
c569e2e3-0581-47a8-b3e7-bcebe450ae15,services.gripe,premium,72,24,8,,,
fefa99b6-790f-4711-a499-e4e2dca8c5cd,services.guitars,available,72,24,8,,,
10d815f2-7ea8-4536-9d15-108cdc09aeee,services.guru,premium,72,24,8,,,
74181abd-d3f1-469b-8e17-3e78f927c5dd,services.hair,premium,72,24,8,,,
97814e16-5357-4ab9-8e7f-4b400cb831a1,services.haus,expired,72,24,8,"NameSilo, LLC",14/11/2024 19:57,14/11/2025 19:57
6c2e4058-2786-420f-8b5d-be766996642c,services.health,premium,72,24,8,,,
2db969b6-06f2-442d-b2c3-26e2b67a943f,services.hiphop,premium,72,24,8,,,
6d205cff-27bf-4d26-8bc8-a15ef646d3d5,services.hiv,premium,72,24,8,,,
f8ac5cf1-272d-486e-ae23-6c3f644b4c8b,services.hockey,available,72,24,8,,,
85a233f2-e141-4205-a6fa-56838d63f6a6,services.holdings,premium,72,24,8,,,
147d05a8-9d18-4567-b4f9-6f051fcfed5a,services.holiday,premium,72,24,8,,,
180c7bc0-0ce1-458a-bf43-ee8a95ac1fa1,services.homes,premium,72,24,8,,,
623fa720-54b9-4009-9acf-cb940c4d9e6b,services.horse,premium,72,24,8,,,
5dfac10a-b617-4cda-adc5-24b7893fba88,services.hospital,available,72,24,8,,,
a0d461cb-f74c-4290-a640-f6a7f9bad478,services.host,premium,72,24,8,,,
8d57a187-113e-4772-8734-fbfa2ffa1af0,services.hosting,available,72,24,8,,,
073483ff-a822-4616-b362-b2fa9fbba21d,services.hot,premium,72,24,8,,,
13f49478-b7bf-4066-9587-b69151ff3a29,services.house,resell,72,24,8,Virtualia LLC,17/05/2024 15:15,17/05/2026 15:15
6d3355e4-c520-41c1-8a06-b01133a27d5c,services.icu,premium,72,24,8,,,
e051394c-a27a-4a70-a0cb-9a1acde9fd1b,services.id,resell,72,24,8,PT Registrasi Nama Domain,16/05/2018 04:57,16/05/2026 23:59
38b09af8-259f-4925-8cbf-ca61874d548d,services.im,premium,72,24,8,,,
fd1238da-806b-4f00-bbde-76d82f0080f1,services.immobilien,available,72,24,8,,,
74b879ff-d989-4dd6-9e9b-c44c10a82031,services.industries,premium,72,24,8,,,
b1d1dd1b-d6d7-4f09-a7b8-25e4a71d1073,services.info,resell,72,24,8,Dot Holding Inc.,17/10/2022 13:15,17/10/2026 13:15
4260fddb-d534-41e6-9243-8bb4cb730165,services.ing,premium,72,24,8,,,
1c93a90c-cc19-430c-a65d-2e6ad4a29be9,services.ink,resell,72,24,8,"DNSPod, Inc.",07/01/2024 00:00,07/01/2027 00:00
9a485503-2175-4358-9b78-e628b4f2837e,services.institute,premium,72,24,8,,,
0d28480d-e348-47df-bcaf-3327d94e375e,services.international,resell,72,24,8,"Spaceship, Inc.",11/05/2023 15:15,11/05/2026 15:15
3689db0d-539f-4cac-b215-f8bfa9096830,services.investments,premium,72,24,8,,,
00503ed5-97fb-4898-85a4-6aeeb541d1c0,services.irish,available,72,24,8,,,
11331918-d1ff-4482-aa23-e144ad36cec7,services.it,expiring,72,24,8,,04/01/2002 00:00,12/12/2025 00:00
c5b31b7b-d1d0-4085-ab03-0f1022ed6154,services.jetzt,available,72,24,8,,,
6f8b1ba9-a486-4715-a582-39acf5f7a291,services.jewelry,available,72,24,8,,,
ede19cc5-9786-495b-bc4c-285e6bd2f5b4,services.juegos,available,72,24,8,,,
5a87d6b9-2592-4cf2-b218-bc5ee21d26a1,services.kaufen,available,72,24,8,,,
676ac680-f08f-434b-a1da-bf6258255754,services.kids,available,72,24,8,,,
f45f3df4-e862-4f96-8982-4d4881bf6d39,services.kim,premium,72,24,8,,,
b88434d8-0ab0-43a9-826b-069a93f7a077,services.kitchen,resell,72,24,8,"GoDaddy.com, LLC",24/02/2014 02:00,24/02/2026 02:00
107b7dc3-82e7-4a2c-b2eb-db69ee758289,services.la,resell,72,24,8,LA Domain Names,05/06/2023 08:45,05/06/2026 23:59
920dfcf2-02c9-4840-8c9a-8439b946d724,services.land,expiring,72,24,8,"NameSilo, LLC",03/01/2023 00:03,03/01/2026 00:03
a275ff99-d161-46e8-b8ed-8664f37ebff6,services.lawyer,premium,72,24,8,,,
cb3becda-87f4-456b-86cc-f3da48a74d34,services.lease,premium,72,24,8,,,
c17b2342-7b5c-4f76-aaec-e32f06b20bf4,services.legal,premium,72,24,8,,,
a0e14090-2cae-43e9-adaf-48fc24049457,services.lgbt,premium,72,24,8,,,
553fdc4d-8423-49ac-aa18-bb6ff0024910,services.life,resell,72,24,8,"DNSPod, Inc.",10/07/2024 15:15,10/07/2026 15:15
6e79a7c6-e2fe-4a49-9977-c338bdff2fa0,services.lifestyle,premium,72,24,8,,,
c0db8bae-6053-4932-b519-c1fb5e263fbc,services.limited,premium,72,24,8,,,
1df33447-5ac6-4c34-8ca2-da83577f3da2,services.link,premium,72,24,8,,,
f0352005-1d0c-4024-82e0-8a89d7ab40de,services.living,premium,72,24,8,,,
0798c981-2bad-4118-802e-d94af72a10f5,services.loan,premium,72,24,8,,,
113baf98-da9b-4ab0-b214-87222f8cbbbf,services.loans,available,72,24,8,,,
00c0cdbb-1087-4b6c-a1f1-dee512d3254b,services.locker,premium,72,24,8,,,
ac2cdb38-5d6b-43eb-a4dd-6fe3a5b9be69,services.love,premium,72,24,8,,,
7bf5b73f-865d-4f99-a91a-0cbac0996ed0,services.ltda,premium,72,24,8,,,
3c671cb1-cbab-44f3-a786-a1e38f51f3cc,services.luxury,premium,72,24,8,,,
0a0f55a7-079a-4041-8ca4-c2e2e3bb8468,services.makeup,premium,72,24,8,,,
64b64e7d-23e7-4e16-843c-73fde085fd0b,services.marketing,resell,72,24,8,Dynadot Inc,16/07/2025 17:00,16/07/2026 17:00
832c8112-2d67-463c-8aeb-329c70f83edb,services.mba,available,72,24,8,,,
8f272952-a3ed-4bed-9c94-95e5fa826841,services.me,resell,72,24,8,"GoDaddy.com, LLC",29/04/2008 18:02,29/04/2026 18:02
4b975c84-7418-4894-abb2-55e685a36833,services.melbourne,premium,72,24,8,,,
91ebcbb7-14b5-45b6-a6cd-7853258df354,services.meme,premium,72,24,8,,,
2df721bc-cca6-4715-b344-e0c7c3bbe713,services.memorial,available,72,24,8,,,
b000c665-cdd2-4b60-968b-42f7698dbc63,services.men,resell,72,24,8,"Spaceship, Inc.",01/03/2016 13:39,01/03/2026 13:39
702134f0-f25e-4bb0-9cfd-a278d747770b,services.menu,premium,72,24,8,,,
c0d91979-e30f-4503-b71e-ee5a986f6d87,services.miami,expiring,72,24,8,"GoDaddy.com, LLC",27/12/2021 21:29,27/12/2025 21:29
c4cdf736-cadb-4695-af19-99e23f7717e4,services.mobi,premium,72,24,8,,,
dffd3aaf-9194-42f4-ab0e-5760c35cdf21,services.moda,available,72,24,8,,,
315aaa55-e445-486c-a4ae-c207476ce3da,services.moe,premium,72,24,8,,,
a94e7122-5494-46b0-bfb6-8249e8fbac68,services.mom,premium,72,24,8,,,
b8902549-9cbe-4f1d-a621-8c42bac20b92,services.money,resell,72,24,8,"Spaceship, Inc.",07/07/2023 13:12,07/07/2026 13:12
7c42aa9c-5136-4581-84f0-0f5d491c2068,services.monster,premium,72,24,8,,,
ff9f924e-5b93-499e-8916-e5459e91b5e7,services.mortgage,premium,72,24,8,,,
3ee35e1f-b6cb-460d-aa36-dcadacb20778,services.motorcycles,premium,72,24,8,,,
e1177925-9515-46a9-ad5f-f811618fff23,services.mov,premium,72,24,8,,,
564e4a4c-33c5-468a-a0ec-30acb5c1f1ba,services.movie,available,72,24,8,,,
1f5286f7-19b8-44c7-9044-065dbec8051c,services.music,premium,72,24,8,,,
9c4cc991-f6b2-461e-8e60-01de1500f808,services.mx,available,72,24,8,,,
e47f767d-86d1-4102-8bde-9df0f2fa4a9d,services.network,premium,72,24,8,,,
85ff33f1-2880-4cd6-812f-d7dc27a68e4e,services.news,premium,72,24,8,,,
066eb3e6-58fe-4def-80c9-651875331a8f,services.ngo,premium,72,24,8,,,
8dfd08f6-01a4-49b0-a538-9c37e36a6b52,services.now,premium,72,24,8,,,
0fd76ce1-32db-4015-8d52-37e9547164cc,services.nyc,premium,72,24,8,,,
dcc04c94-be27-4fa5-8ec9-11b3f5ebfdf2,services.observer,premium,72,24,8,,,
c592b4c2-c56b-45e1-aea9-9d458c9fd96b,services.one,premium,72,24,8,,,
b9ed2654-c831-4c17-b431-f5b236201377,services.ong,premium,72,24,8,,,
2337ea68-b69d-4e1b-b102-43ee32f468ad,services.onl,premium,72,24,8,,,
3fe05864-07d9-4f83-b2b0-b45f83646628,services.online,premium,72,24,8,,,
57e1ac15-8ea5-47a9-ad68-3d502066d134,services.organic,available,72,24,8,,,
56ea035c-f93f-43f4-a89d-0658ca84b2c6,services.osaka,premium,72,24,8,,,
b27d4922-97f1-40fb-9f27-d343bfb9782f,services.page,premium,72,24,8,,,
e1047b86-0159-4a4c-a947-7ca86bb2f0af,services.partners,premium,72,24,8,,,
3d17df7b-ec89-4d3e-b3ef-663d7a4bd38c,services.parts,premium,72,24,8,,,
fd0ad9e6-7ad5-4ef6-b110-0066b42be416,services.party,premium,72,24,8,,,
c6e90f45-66a0-456a-89ad-0116222905a6,services.pet,premium,72,24,8,,,
c0b5699b-6e3f-46a5-b3a7-3696048ec625,services.phd,premium,72,24,8,,,
5748155e-9edb-49be-b181-deba28ced7bb,services.photo,premium,72,24,8,,,
42dcc9a3-fa5f-43ed-a4a6-9227adfb9813,services.photos,available,72,24,8,,,
a270f3c7-2b70-484c-b0bf-ed4e665be4a1,services.pictures,available,72,24,8,,,
00670fbb-9f2b-49d0-8976-ea4aa9658d65,services.pizza,premium,72,24,8,,,
c19d2ed8-eb1a-4a1d-a4fe-9bf38b459eef,services.place,premium,72,24,8,,,
7df433a0-23ce-477c-8f7c-d8f3cec81913,services.plumbing,premium,72,24,8,,,
927ded9d-cd53-4594-86e3-8265130359f2,services.poker,available,72,24,8,,,
9f4bfdeb-be04-4cb1-a904-40e0d021b2a7,services.porn,premium,72,24,8,,,
25ec1de9-c983-43f0-abb5-3e3daebc57b9,services.press,premium,72,24,8,,,
38fb37d8-91f2-4615-8f0f-2d0adaf4c63a,services.productions,premium,72,24,8,,,
48ddce31-1f47-40cb-a8ee-8206b42fd651,services.prof,premium,72,24,8,,,
bcdf22c4-454b-45e6-83a4-de65ec497623,services.promo,premium,72,24,8,,,
41fb0b34-1127-4e81-9dd2-5208ce5b47a8,services.properties,available,72,24,8,,,
3caaf038-3505-4b91-8a1b-e0829ac496b0,services.property,premium,72,24,8,,,
708616ec-2593-42a1-a59e-84f536f42316,services.protection,available,72,24,8,,,
a2d1a04b-429f-4e7b-ae24-896385aec29d,services.pub,resell,72,24,8,"DNSPod, Inc.",20/01/2020 16:30,20/01/2026 16:30
7559422d-9d31-478c-8d53-79fc50f6e956,services.pw,resell,72,24,8,"CHENGDU WEST DIMENSION DIGITAL TECHNOLOGY CO., LTD.",26/09/2021 08:18,26/09/2026 23:59
5eca5da3-c5f6-4cfd-8005-fda22468779c,services.qpon,available,72,24,8,,,
c92d5bbd-706c-4a62-a931-4a4358895a80,services.quest,premium,72,24,8,,,
42c90aa4-d323-4f1f-94a4-884926036dcc,services.racing,premium,72,24,8,,,
a4422535-0dc3-4c99-ab67-d299e74692b2,services.realty,premium,72,24,8,,,
e0ac2879-4e1a-43f8-87d9-4494fe06f33d,services.recipes,available,72,24,8,,,
06e61fd0-7b08-49f0-8cd0-6b4cefb50cfa,services.rehab,premium,72,24,8,,,
4719e970-899b-41e4-8458-1203663440da,services.reise,premium,72,24,8,,,
ce0d4a5e-8ee8-460a-8f96-4f75bba0655e,services.reisen,premium,72,24,8,,,
51a962ae-d866-45bb-9331-87f3f41ee016,services.rent,resell,72,24,8,Namecheap,24/03/2025 18:40,24/03/2026 23:59
fc993a05-7dbe-48e6-a0ec-fb4bbd091052,services.rentals,premium,72,24,8,,,
f3ab9a43-3d16-4188-90c2-fc85a3aa611c,services.report,premium,72,24,8,,,
c322758f-424a-4880-9efd-a21ab0e94120,services.republican,available,72,24,8,,,
01082959-7a74-4956-a2f0-68508da0640c,services.rest,premium,72,24,8,,,
fe12f30f-1e5e-47ce-a74d-184504ff6cf6,services.restaurant,available,72,24,8,,,
a4f45f20-c287-457b-b4f7-adb66b5f434e,services.review,premium,72,24,8,,,
f3e7fc0d-1c4e-4c5a-a2da-a97bc5caba31,services.reviews,premium,72,24,8,,,
e5ec8de9-f95e-4476-a7ba-b4a9f1f0fd3a,services.rich,available,72,24,8,,,
16e34d7b-2be7-49bc-8963-193a8ea60257,services.rip,available,72,24,8,,,
b4410301-089f-4f3c-b296-a718479518b6,services.rodeo,premium,72,24,8,,,
80fa8e6a-f558-421d-bae0-aaa75d30fa30,services.rsvp,premium,72,24,8,,,
f9da8f11-32af-4ee0-a67d-c56aa7613a91,services.run,resell,72,24,8,"DNSPod, Inc.",06/11/2019 09:12,06/11/2026 09:12
15ecaa1b-8000-43ec-bcad-e5ca80da1dc2,services.sale,premium,72,24,8,,,
895f4d85-b316-4256-8a57-96064300f7c0,services.salon,available,72,24,8,,,
1f6c2a99-260f-41ff-80a8-958fb429b2d2,services.sarl,available,72,24,8,,,
eadfcbb1-4e1a-42de-aa5a-addf771e0374,services.sbs,premium,72,24,8,,,
b983b2dc-099a-48fd-ab5f-a2b168a574cc,services.school,expiring,72,24,8,"GoDaddy.com, LLC",04/01/2021 18:31,04/01/2026 18:31
b773f469-10b1-4ff7-a47d-ff944378f42f,services.science,premium,72,24,8,,,
87ed6a2c-6b63-4bec-8201-c8b951574004,services.security,available,72,24,8,,,
c7cc118d-b4bc-4dc5-8f89-4a29db5754ca,services.sexy,available,72,24,8,,,
b111f7e1-1dd5-40b7-94b6-5c0c987288bd,services.shiksha,available,72,24,8,,,
5cdc9e0c-65b1-4dee-9f65-c466aee28830,services.shoes,premium,72,24,8,,,
dbbaee39-7422-4ccc-ab52-8c2614a0e328,services.shopping,premium,72,24,8,,,
c57a9b9b-c77e-4f63-972f-2f79df75c6aa,services.show,resell,72,24,8,"DNSPod, Inc.",10/06/2020 22:08,10/06/2026 22:08
1c48e4c2-d88d-40c4-b348-7fafab7c87d9,services.singles,available,72,24,8,,,
8b854c9a-c05e-4fc6-b080-761d5753cf41,services.site,premium,72,24,8,,,
4d63f3af-9edc-4dd0-89d1-6f4c7674e928,services.ski,premium,72,24,8,,,
15af7f26-1a6f-40f9-9903-de9a040e37b1,services.skin,premium,72,24,8,,,
3655d10e-5fcc-4a13-b5c3-60a65e8cca1a,services.soccer,available,72,24,8,,,
2b167ffc-3656-4145-ad6e-e9443a12bba4,services.software,premium,72,24,8,,,
a68de3b9-cf51-4e3e-96a8-e1a32f89cdc7,services.solar,resell,72,24,8,"Sav.com, LLC - 15",13/08/2025 15:15,13/08/2026 15:15
7e7ad1e7-4b7e-4507-a7c8-be4af5ad51a6,services.solutions,resell,72,24,8,"Spaceship, Inc.",10/05/2021 08:13,10/05/2026 08:13
c2ee0eec-91de-4883-80a3-60efd8ee5c68,services.soy,premium,72,24,8,,,
cc2b561f-1640-4620-b0ae-c235e5079085,services.space,premium,72,24,8,,,
a0a5ab1b-100c-4b4e-a327-33525c519862,services.spot,premium,72,24,8,,,
67621e8e-0fd4-4f38-9287-9bba31c14ae1,services.srl,available,72,24,8,,,
41e04ec8-5570-4c23-b7d0-d44c047351c0,services.storage,available,72,24,8,,,
224a0751-cdda-4221-a952-af441532c412,services.store,premium,72,24,8,,,
d908f22d-4233-4e6c-88fc-80ad118644fa,services.stream,premium,72,24,8,,,
c8472c42-9fed-4516-a32c-a370ddc9050b,services.study,premium,72,24,8,,,
c2ee3fa2-c611-4025-aaf9-8c2f499e9e38,services.style,premium,72,24,8,,,
fdd41f95-8409-472b-89f1-4071cddb9dbd,services.sucks,available,72,24,8,,,
eb2a0cb3-9f52-482a-a56e-d22fcbe0d052,services.supplies,premium,72,24,8,,,
a2fe8108-c1fa-4d4c-9d83-d9aae09de8e5,services.surf,premium,72,24,8,,,
e7a66cc9-3976-42fb-a1f8-42077355bc82,services.surgery,premium,72,24,8,,,
338ef27c-f638-4a58-b02b-85343863c6e6,services.sydney,premium,72,24,8,,,
11ea52fd-1caa-4007-9095-6d7140883e71,services.talk,premium,72,24,8,,,
5f150819-7072-4ba5-9893-f6f605bd3b9a,services.tattoo,available,72,24,8,,,
eee6b5a8-fa2f-412c-821f-103a459e617b,services.tax,resell,72,24,8,"DNSPod, Inc.",18/10/2021 13:15,18/10/2026 13:15
82565682-d00e-4c5d-9d30-73f6a1b056af,services.taxi,available,72,24,8,,,
e75868ea-a536-435c-a269-be3e87321d88,services.tech,premium,72,24,8,,,
171efff4-d0f4-4b79-b3a0-351a11c79e61,services.tel,resell,72,24,8,"Name.com, Inc.",25/05/2014 18:30,24/05/2026 23:59
6f962451-cce8-4072-893f-8d2fd02599f1,services.tennis,available,72,24,8,,,
d78b837f-b665-4a02-be3a-0c25b33399df,services.theater,available,72,24,8,,,
82ed544e-aafa-47d3-b76e-369839c9d6da,services.theatre,available,72,24,8,,,
2d77d6c0-af18-4965-9cec-31193e4f3ccf,services.tickets,available,72,24,8,,,
3a7a9655-f568-4964-86e4-b4a97055a3e1,services.tienda,available,72,24,8,,,
c2ca9e56-7ffe-4722-827a-4c7914657493,services.tips,premium,72,24,8,,,
bf8bc984-7029-4f0d-97cb-a18e33b9e006,services.tires,available,72,24,8,,,
91f1552b-9131-468d-8f60-371ff55b2dbb,services.tours,available,72,24,8,,,
c6b3c3d7-79a1-4900-82e7-7b85574e4485,services.town,available,72,24,8,,,
c2c036b0-8592-4309-8095-8bc8894eaf34,services.toys,available,72,24,8,,,
6608e06b-cad1-4213-afba-a08ee0d36eaf,services.trade,premium,72,24,8,,,
aa21af7b-95c4-4b85-aca9-09cad6e73bdf,services.tube,resell,72,24,8,"GoDaddy.com, LLC",10/04/2019 22:14,10/04/2026 22:14
18ce245d-0131-40ee-ad8f-51e33183645b,services.tv,premium,72,24,8,,,
ab8c1e7d-968b-4912-b04d-bec0d473dd90,services.uno,premium,72,24,8,,,
89de4592-bc47-4da5-a08a-8c0736364f88,services.vacations,premium,72,24,8,,,
7d4aa8f1-e4ce-4427-a5fb-37240643e25b,services.vana,available,72,24,8,,,
e65c2629-2635-4d87-8c84-379205a2ecc4,services.vc,resell,72,24,8,Dynadot Inc,17/08/2020 00:07,17/08/2026 00:07
d065bb8c-72a8-4a43-960e-4debe4973161,services.vegas,expiring,72,24,8,"GoDaddy.com, LLC",27/12/2021 21:29,27/12/2025 21:29
45261e83-c614-4f1c-b53c-dd7991c87ef0,services.ventures,available,72,24,8,,,
8ff46a06-9946-4d44-8c29-abfb3da811d5,services.vet,premium,72,24,8,,,
11490c5a-175b-4e3f-a16e-ab5ccda75a47,services.viajes,available,72,24,8,,,
a7885100-c3de-449f-b28b-d81aa1a4ec31,services.video,premium,72,24,8,,,
12612881-9b0c-4fad-951c-ae88ef52d691,services.villas,premium,72,24,8,,,
bc771cca-4e78-4be9-8e13-2d814f85e01e,services.vin,expiring,72,24,8,Dynadot Inc,06/01/2023 21:10,06/01/2026 21:10
d47e7f80-d717-44ff-a426-d4dea6bc002d,services.vip,premium,72,24,8,,,
86744e32-b379-4139-a6e7-943be3e82e84,services.vodka,available,72,24,8,,,
3a76b852-b4f4-4b91-90e7-1abde1b0d2c2,services.vote,available,72,24,8,,,
e08216fb-8bf9-49d9-ad4f-57706217c771,services.voting,available,72,24,8,,,
519044e8-8575-4812-ad04-11e516f4b131,services.voto,available,72,24,8,,,
0c69fca4-646c-4935-9145-314624186752,services.voyage,premium,72,24,8,,,
82a57bb5-fe09-4b7c-bf44-795b0132c8b8,services.watch,premium,72,24,8,,,
3a8a03de-d911-4992-bb97-18876d439e73,services.webcam,premium,72,24,8,,,
b3f9f207-c9f3-4ec5-8fe5-bb63e0f275a4,services.website,premium,72,24,8,,,
ba333434-1c86-4256-8555-d31eb81ff843,services.wedding,premium,72,24,8,,,
2558d488-7617-4172-82e9-cb5dcf9598e1,services.wiki,resell,72,24,8,"DNSPod, Inc.",27/06/2022 00:00,27/06/2026 00:00
db09912a-d3b9-4eb1-9998-84d91ba4223d,services.win,premium,72,24,8,,,
0ae88c32-d9e6-45f0-bd4f-7831c7dbfbaf,services.wine,available,72,24,8,,,
a5e582cf-2b61-484f-a00f-f4855cbd1fb3,services.work,premium,72,24,8,,,
e900bffa-5ecd-4a9e-90a3-ae410580b9e0,services.works,premium,72,24,8,,,
c0dfb676-0fd7-496a-8bdb-7abf882f6c7a,services.wtf,premium,72,24,8,,,
276b49f8-d77d-4d96-ad22-9020616a0fa0,services.xyz,resell,72,24,8,"Spaceship, Inc.",16/11/2021 04:14,16/11/2026 23:59
220870a0-7dc4-495b-92e7-e518ea5ed8c0,services.yachts,premium,72,24,8,,,
574eb8e1-13c6-4089-870c-7686ebd97c0e,services.yoga,available,72,24,8,,,
53e05ad9-e12a-4de7-8d46-f0602468093e,services.you,premium,72,24,8,,,
c4445b4f-e4cc-4759-bfb2-3325b4f493e8,services.zip,premium,72,24,8,,,
c8b82e69-2f69-440e-abff-c44b69e17f02,services.zone,resell,72,24,8,"DNSPod, Inc.",18/08/2020 03:13,18/08/2026 03:13
4af63c96-61ea-4120-9ff0-e1e70a06444a,care.diy,premium,80,31,4,,,
93451f74-c9a8-4d38-bec5-e9e47190d3be,care.domains,resell,80,31,4,"GoDaddy.com, LLC",17/07/2017 00:16,17/07/2026 00:16
60de0a99-fb2e-4956-a813-54d4a6fbbae0,care.download,premium,80,31,4,,,
a454c7b0-ff60-4db2-b0f9-f1a2f3b7b8f5,care.education,expiring,80,31,4,"Name.com, Inc.",20/09/2015 08:08,20/09/2025 08:08
e28adb65-d348-4f20-8bcb-312dc343562d,care.engineer,available,80,31,4,,,
b34ccf74-9637-432d-aaf7-bb366a669675,care.enterprises,sold,80,31,4,Porkbun LLC,15/11/2022 15:15,15/11/2026 15:15
757433bb-4e79-448c-865a-ee88cc8e8eb7,care.equipment,resell,80,31,4,"Sav.com, LLC - 3",15/04/2025 15:15,15/04/2026 15:15
b63ea3e1-fd89-41b1-8af6-66733fe4c7f3,care.esq,premium,80,31,4,,,
6961a9ca-88a6-4dba-8b72-6a3aefa196cf,care.events,premium,80,31,4,,,
8bed03b5-6459-4411-8a68-89a3b32e0948,care.exposed,premium,80,31,4,,,
5e88deee-ba56-49ef-b215-e6fa497c01cb,care.express,resell,80,31,4,Porkbun LLC,15/07/2015 16:00,15/07/2026 16:00
a44cd729-ab15-4cea-a81c-59bdc186cb78,care.fail,premium,80,31,4,,,
f4914684-7fa2-475c-9b11-70d690508085,care.faith,premium,80,31,4,,,
29e9bffe-5f6f-4b0d-89fa-fecae3df397e,care.family,premium,80,31,4,,,
0f2d8d39-1434-47e3-a644-54d6da293786,care.fan,premium,80,31,4,,,
bedf2dc5-1b9e-475e-a25f-69667ea536cd,care.fans,premium,80,31,4,,,
4738b842-5ea0-4677-8ac9-62c1867af741,care.farm,expiring,80,31,4,"Spaceship, Inc.",04/01/2023 17:01,04/01/2026 17:01
c4dca623-7fcd-4e8d-b770-6af6bbfe5d54,care.fashion,expired,80,31,4,"Spaceship, Inc.",26/09/2024 04:41,26/09/2025 04:41
289e91c7-7c60-4137-b2ff-98c61575751c,care.fast,premium,80,31,4,,,
fdfe4020-d295-48f0-9dd6-fff7458d3e9f,care.film,premium,80,31,4,,,
3dde7a36-b3f6-47d6-9218-22a14c2de70c,care.financial,premium,80,31,4,,,
bc0b2614-ae6a-46f1-b88e-41778dff882c,care.fishing,premium,80,31,4,,,
1b058655-75f3-4645-8053-cea20e3bac3c,care.fitness,premium,80,31,4,,,
7e4a8e3f-9fbd-4813-922c-3bb6227fb71d,care.flights,premium,80,31,4,,,
eba670eb-5279-409e-b68c-d5a31dbbbb7a,care.florist,available,80,31,4,,,
425bfccb-61ea-4c06-8298-a19d2242169d,care.flowers,premium,80,31,4,,,
3f2f931c-4eac-4b4f-9d6f-607219c67900,care.foo,premium,80,31,4,,,
de547eb0-6d7a-4a98-93dc-1866ebe13139,care.food,premium,80,31,4,,,
346a67c4-917e-4906-84aa-c4046f41d1f8,care.football,available,80,31,4,,,
ada266c1-14ba-4bae-bdb1-1564c9bcb389,care.forsale,premium,80,31,4,,,
3aed3eed-1503-4071-8aa9-5fe4eac2143d,care.forum,premium,80,31,4,,,
899f7e40-3d18-458a-b723-105730e63ee0,care.fun,premium,80,31,4,,,
a1e03146-c077-4a54-b539-9c1d86ecee66,care.fund,resell,80,31,4,"Xiamen ChinaSource Internet Service Co., Ltd",28/02/2025 15:15,28/02/2026 15:15
830e12f6-7c98-4ff9-9a30-f2b81eb2b570,care.furniture,premium,80,31,4,,,
1089f3de-4d21-4c1d-98f1-df9ab2632809,care.futbol,available,80,31,4,,,
0531f75d-90b5-466a-b214-a12874d56fc7,care.fyi,expiring,80,31,4,"Sav.com, LLC",24/12/2024 01:52,24/12/2025 01:52
660362f4-7b91-418d-91cc-6a671fae7c87,care.gallery,premium,80,31,4,,,
36c0ddd0-783e-4537-9b67-2d3f5a31f4c0,care.game,premium,80,31,4,,,
6e691ae2-4d12-4adf-a1e7-9db293d4fed2,care.garden,premium,80,31,4,,,
0a2a593a-876d-4a62-ad72-a1a3caebc36f,care.gay,premium,80,31,4,,,
fc5dd6ff-5dd9-4a5b-8c55-21b3e7afb651,care.gifts,expiring,80,31,4,"GoDaddy.com, LLC",09/01/2016 14:51,09/01/2026 14:51
e7ac2e1b-e022-4829-ac62-6df15c27ea6f,care.giving,premium,80,31,4,,,
e18ccc27-625f-4a5f-bf72-e47a70326a34,care.glass,premium,80,31,4,,,
3db7e917-7662-406f-abfb-cfe9ac40a914,care.gmbh,available,80,31,4,,,
c6dd7743-73a5-43b7-8d51-e310db887ce3,care.gold,resell,80,31,4,"Chengdu West Dimension Digital Technology Co., Ltd.",06/03/2017 06:11,06/03/2026 06:11
06da80e0-0561-4f19-bb5f-c995a1430e6c,care.golf,premium,80,31,4,,,
ee4b52cf-f373-4255-a716-04280315921b,care.graphics,available,80,31,4,,,
038c4830-1279-48bf-99fe-e929d4a59ca6,care.gratis,available,80,31,4,,,
9c9fe64b-df30-427e-a22d-c958870d5c0a,care.gripe,premium,80,31,4,,,
c5e476a4-5073-4e61-bf44-25f45efe58a3,care.guide,expiring,80,31,4,"GoDaddy.com, LLC",29/12/2015 15:42,29/12/2025 15:42
62b65168-f195-4f95-acc5-73f7adb4ae8f,care.guitars,premium,80,31,4,,,
c4923263-df9d-4a61-87e7-45eccd294db9,care.guru,expiring,80,31,4,Porkbun LLC,31/12/2019 09:55,31/12/2025 09:55
892aee9c-9ce7-460a-8524-793744cfcc62,care.hair,premium,80,31,4,,,
4d04a409-5b6e-471c-9cf5-c2a0d96daaa8,care.health,resell,80,31,4,"GoDaddy.com, LLC",07/11/2023 20:27,07/11/2026 20:27
aa70f704-4efb-439a-b654-7d43e9d22323,care.help,resell,80,31,4,Key-Systems LLC,24/11/2017 11:53,24/11/2028 23:59
405f660d-d74c-4cb3-a11d-1a3fbeaada7f,care.hiphop,available,80,31,4,,,
7e8d812e-c077-464e-b74f-3e0c95732314,care.hiv,premium,80,31,4,,,
120daa8a-b1c4-4d66-b6a3-da2cd1e5ea83,care.hockey,available,80,31,4,,,
d5b24179-04fb-4e2d-84f9-cfe8944c1285,care.holdings,available,80,31,4,,,
4cfc9158-9573-40c9-91e4-a00bdaa5764c,care.holiday,available,80,31,4,,,
55ae1743-dd12-4cd9-aa17-cafaec59ff3e,care.homes,premium,80,31,4,,,
d27da708-2139-452c-9e08-0ed03fd35e9e,care.horse,premium,80,31,4,,,
6e15cea1-08c1-40aa-a780-515b1542d04b,care.host,premium,80,31,4,,,
d2f34cfa-bad8-4a17-a268-89af8b89ca47,care.hosting,premium,80,31,4,,,
89d2459f-2cee-4f43-b0fa-ff84b5193010,care.hot,premium,80,31,4,,,
1639e4d3-2a41-48dc-8f08-7e44414e1f0e,care.house,sold,80,31,4,"Global Domains International, Inc. DBA DomainCostClub.com",28/05/2025 15:15,28/05/2026 15:15
618cd582-c0f9-4a5f-9daf-a773c9504060,care.how,premium,80,31,4,,,
3f546f93-7e7d-4abb-942e-2543e4b362f4,care.icu,premium,80,31,4,,,
403c15e7-211c-406e-bb76-f232efd85a70,care.im,premium,80,31,4,,,
459370d4-7483-4922-8835-f9522f24a1ee,care.industries,premium,80,31,4,,,
7964e092-f405-4c3f-8110-dad774482945,care.ing,premium,80,31,4,,,
fb8a460c-ea85-4ced-af44-110dfc7bdd04,care.investments,premium,80,31,4,,,
d4b6189e-79c5-4e99-9a6b-6ebaa6a2c884,care.irish,available,80,31,4,,,
5aa4643e-528b-434a-bba1-9d3dc56c937a,care.it,resell,80,31,4,,15/09/2021 16:00,15/09/2026 00:00
efe944ac-1dca-4034-97b3-3991330b156e,care.jewelry,available,80,31,4,,,
0b716244-d179-4d94-bca3-687dad4e9b66,care.juegos,available,80,31,4,,,
08bf27aa-134e-4f29-ba68-92b7f5a7512e,care.kaufen,available,80,31,4,,,
f946c3bb-5762-4459-89a4-6dbd4a0ef1a9,care.kids,resell,80,31,4,"NameCheap, Inc.",20/10/2022 17:22,20/10/2026 17:22
08fb0c01-7a88-44e1-9637-13d13fa654c9,care.kim,resell,80,31,4,Alibaba Cloud Computing Ltd. d/b/a HiChina (www.net.cn),31/08/2019 14:48,31/08/2026 14:48
f9727e54-3094-46e8-b74b-97549f77757a,care.kitchen,available,80,31,4,,,
593e6e90-b90f-4f70-b3fe-1f5a2ff74694,care.la,resell,80,31,4,Internet Domain Service BS Corp.,02/02/2004 01:00,02/02/2026 23:59
1e4ca36b-8cc7-4b02-91ad-7bccbb99e725,care.lat,premium,80,31,4,,,
752f621f-188c-44e8-ac21-0287ecdaefad,care.law,expired,80,31,4,101domain GRS Limited,01/10/2021 14:52,01/10/2025 14:52
7696504a-feae-41c2-a049-154e63ca767e,care.lawyer,premium,80,31,4,,,
d75811c1-0d93-4245-9e27-ed62b3c53c61,care.lease,premium,80,31,4,,,
2e1b5994-4d63-46e9-aba3-3be4fa44a25d,care.lgbt,premium,80,31,4,,,
3420b5c8-e59d-4bb4-be9e-05cdd1438e22,care.lifestyle,premium,80,31,4,,,
57a38cff-df83-472f-9154-261d2b9af0d7,care.lighting,sold,80,31,4,united-domains GmbH,07/09/2021 08:48,07/09/2026 08:48
6a7bfd55-3d5e-4e03-9778-bb1232675da8,care.limited,premium,80,31,4,,,
4d68f8d4-cb19-4c7d-89ed-a40425d6c420,care.limo,available,80,31,4,,,
b88670ad-5ce4-478f-ae07-bdb532b9d33d,care.live,resell,80,31,4,Porkbun LLC,13/01/2024 21:03,13/01/2026 21:03
1dc83208-4002-4f9b-8ba4-f3404ab482cf,care.living,premium,80,31,4,,,
118eceed-760a-4413-b42e-79c3829b5716,care.llc,resell,80,31,4,Porkbun LLC,13/12/2023 15:15,13/12/2026 15:15
2071eb4f-06e5-4375-adb4-93196e381b7a,care.loan,premium,80,31,4,,,
14b941e8-ee10-48a0-bc2d-3e29f5e0c0cc,care.loans,available,80,31,4,,,
f0491ca2-489d-4671-9659-bfac41a0c823,care.locker,premium,80,31,4,,,
c325f57b-4551-4550-8c9c-862ee5b4f750,care.london,premium,80,31,4,,,
a80149ad-071d-4712-8807-19a5081b90b8,care.love,premium,80,31,4,,,
37ac243d-4e31-4f12-af02-c6d4c245fc53,care.ltda,premium,80,31,4,,,
ecb64ffd-3a7e-4bf3-8c2a-383b857e0dcd,care.luxe,premium,80,31,4,,,
0cb51b5f-9f75-46cd-a327-465217e8c03c,care.luxury,available,80,31,4,,,
28dd65af-ce30-4d0e-9078-a68f6f101b18,care.maison,available,80,31,4,,,
a85cc647-f99c-4352-b74c-bdd39442032d,care.makeup,premium,80,31,4,,,
6f0c2706-ade5-4db0-9886-0f4e753ed7d0,care.management,sold,80,31,4,1API GmbH,24/06/2015 16:00,24/06/2026 16:00
5e2ea119-05cd-4a8f-a283-def10fb1f357,care.market,premium,80,31,4,,,
19a9eb59-fcf9-4d1e-bdaa-d8a996573d06,care.mba,available,80,31,4,,,
31344f94-bc17-4be7-8063-bb34dd2d0fe8,care.media,resell,80,31,4,"Chengdu West Dimension Digital Technology Co., Ltd.",02/09/2023 15:15,02/09/2026 15:15
a7d986e7-03df-4b23-8e91-f27c6dfaef87,care.melbourne,premium,80,31,4,,,
90e61e77-4696-4fb0-9e66-20fc1abfc272,care.meme,premium,80,31,4,,,
1e24db95-0cfc-464b-8fa6-1c5b13d60338,care.memorial,premium,80,31,4,,,
3214ca4a-a28f-433c-995e-ae5bdb3b4411,care.men,premium,80,31,4,,,
0e7cbfd0-ab73-4c48-b239-bf201f3cbb2d,care.menu,available,80,31,4,,,
4fa9fb88-091d-4754-aae9-dcc016c6c1ac,care.miami,sold,80,31,4,"GoDaddy.com, LLC",25/09/2025 00:12,25/09/2026 00:12
9647d191-5d83-4c12-98be-312eb6205559,care.mobi,premium,80,31,4,,,
52dc6d98-c4b8-41ad-9d00-d14d74cb0924,care.moda,available,80,31,4,,,
c4346162-89bb-4581-9f66-958a96912537,care.monster,premium,80,31,4,,,
9be111fd-8740-4d43-ad4f-acf9d36551f2,care.mortgage,available,80,31,4,,,
7b754c9e-9462-49d7-955c-9b6fdaeb88c4,care.motorcycles,premium,80,31,4,,,
13fb9396-4b5b-4c14-9157-f6b82b1f9f4e,care.mov,premium,80,31,4,,,
35f0edea-63e6-43e8-a7dd-219079a817ea,care.movie,available,80,31,4,,,
293f47f2-4b5d-4cdd-a907-3558a90480e0,care.music,premium,80,31,4,,,
af192a72-2861-4783-9da7-d79e1565c8d4,care.mx,resell,80,31,4,NameSilo,03/10/2009 00:00,02/10/2026 00:00
b089660c-f4d9-4937-86c6-455309143e38,care.news,premium,80,31,4,,,
afe9b4f6-c3dc-436e-8db0-a777309a7ad1,care.nexus,premium,80,31,4,,,
3c3b7f91-c1c4-40aa-8c60-3ef33b878664,care.ninja,expired,80,31,4,Porkbun LLC,04/10/2024 08:18,04/10/2025 08:18
50228b6e-c688-4b81-96f7-7d7ca1721644,care.nyc,resell,80,31,4,"Global Domains International, Inc. DBA DomainCostClub.com",11/12/2020 03:55,11/12/2027 03:55
9d8d2ab5-4dad-4108-a64b-4bbf37501f18,care.observer,premium,80,31,4,,,
28ecaa1a-f6e7-4a79-8410-e24498776935,care.one,expired,80,31,4,Key-Systems LLC,06/12/2024 07:35,06/12/2025 07:35
7b43668d-2b84-4aa3-812a-95821fe38f15,care.onl,sold,80,31,4,Dynadot Inc,28/09/2025 01:10,28/09/2026 01:10
f9133b9d-a8cc-44be-ba24-410462a33b23,care.online,premium,80,31,4,,,
d6baa8c1-8919-48c5-b070-d1338e648158,care.ooo,sold,80,31,4,Dynadot LLC,07/09/2024 11:15,07/09/2026 23:59
ccb73c92-d4ba-46cb-9edf-7a9bdb7cfec3,care.organic,available,80,31,4,,,
4546d60f-898d-42ae-8d85-af68e1da0b92,care.osaka,premium,80,31,4,,,
81679b26-91f6-44b9-b678-c6796600bf38,care.page,expired,80,31,4,Porkbun LLC,29/10/2023 20:12,29/10/2025 20:12
fcd4af02-3421-4198-a25a-083a6d47a52b,care.partners,sold,80,31,4,Dynadot Inc,28/08/2019 10:10,28/08/2026 10:10
61d8a71d-8300-4e4a-a5a9-1d53832e568c,care.party,resell,80,31,4,"Chengdu West Dimension Digital Technology Co., Ltd.",03/08/2016 19:13,02/08/2028 23:59
fc3db2b8-b661-44d1-ae96-4bbbfb9b9d19,care.phd,premium,80,31,4,,,
4e2720ca-8fb7-4463-9e66-4ec0fe19506d,care.photo,premium,80,31,4,,,
86f2e58f-8311-407e-a9a4-53f669e2aac3,care.photos,available,80,31,4,,,
e3304a2e-79f8-47ba-b9e7-528f21378daf,care.pics,premium,80,31,4,,,
c85b8764-5f89-4f2e-816e-359fde8e3c73,care.pictures,available,80,31,4,,,
55ac5fe2-ec27-4943-9459-51af2581169e,care.pink,premium,80,31,4,,,
136d9a2c-0ded-4c0c-8830-86d61df7da3d,care.pizza,available,80,31,4,,,
c2f23c6e-2470-43fc-a1e6-5a1c9c7023a7,care.plumbing,premium,80,31,4,,,
ea4e3747-a259-4dd2-b874-5304e987cc2a,care.poker,available,80,31,4,,,
e9840d23-7a5f-4139-b365-ae7bf37675f8,care.porn,premium,80,31,4,,,
b6b0f97f-fe02-4f42-9e08-5e94bb706b7e,care.press,premium,80,31,4,,,
13d304ff-43cb-4e82-a3fc-1b6984527d5d,care.pro,expiring,80,31,4,"NameSilo, LLC",12/01/2007 00:00,12/01/2026 00:00
86c0f6bb-e538-4d13-a879-ced3d8c564c1,care.productions,premium,80,31,4,,,
15b02f82-3b94-4f1b-aa92-73e105482c54,care.prof,premium,80,31,4,,,
c7082c3a-37d8-4b5a-8ccc-5e21a232544d,care.promo,sold,80,31,4,Dynadot Inc,05/12/2025 14:36,05/12/2026 14:36
1023d31a-bc29-4f6d-8b6e-f54ee9ec91f5,care.properties,sold,80,31,4,"GoDaddy.com, LLC",12/09/2018 00:17,12/09/2026 00:17
378a0885-8914-49be-9934-4fd29a9dfc49,care.property,premium,80,31,4,,,
b4fe5732-8195-4df8-b831-82f35333db2d,care.protection,available,80,31,4,,,
c657ee5c-1ec1-4ad7-a3f3-f19fc55cd887,care.pub,resell,80,31,4,"Chengdu West Dimension Digital Technology Co., Ltd.",12/03/2020 20:30,12/03/2026 20:30
2257d75a-4b65-4491-a744-1ed0e34184f2,care.pw,resell,80,31,4,"CHENGDU WEST DIMENSION DIGITAL TECHNOLOGY CO., LTD.",08/09/2017 02:31,08/09/2026 23:59
2658b10d-ee36-4167-9807-e64cffbf01a5,care.qpon,available,80,31,4,,,
963255d0-e98e-4ed0-b5e5-9d7cc9efdd21,care.racing,premium,80,31,4,,,
4bd6ef08-a00e-465b-a3e6-5d942e8a1581,care.realty,premium,80,31,4,,,
c426f704-3823-47f1-a2d9-f945773c90a3,care.recipes,sold,80,31,4,"Spaceship, Inc.",23/11/2025 21:14,23/11/2026 21:14
5441635e-3a71-4732-a8f6-b70d26b6d90c,care.rehab,premium,80,31,4,,,
1ca15036-5b83-41ee-9c29-15dc2aa4e0e5,care.reise,available,80,31,4,,,
acdfa2a0-0052-4db8-8c32-505bccfe3e72,care.reisen,available,80,31,4,,,
34155a4a-9448-424f-8575-2b36e13bd44c,care.rentals,premium,80,31,4,,,
59b03d1b-cfa5-4940-9398-06524acafa63,care.report,premium,80,31,4,,,
9632b65b-3c98-43e8-9458-f730f897fbe0,care.republican,available,80,31,4,,,
c1a21758-d333-4a8c-a06d-f5b10efaa473,care.rest,premium,80,31,4,,,
d84f9aa2-e172-4361-be72-e30e6f7bf18d,care.restaurant,available,80,31,4,,,
62fd0139-cf2e-431f-a0d8-d76056e9c40f,care.review,premium,80,31,4,,,
442b9d54-d6e9-474e-a875-d065daf42d6c,care.reviews,sold,80,31,4,"Sav.com, LLC - 14",09/11/2024 17:00,09/11/2026 17:00
8792d1c6-75e7-49cc-b75e-0f56faaf4d74,care.rich,available,80,31,4,,,
674f300b-82b7-4781-8b3a-c015e67e24d9,care.rip,available,80,31,4,,,
dbf8bda2-c8b1-4822-af66-306868ff14bb,care.rocks,resell,80,31,4,Porkbun LLC,13/07/2024 17:00,13/07/2026 17:00
3e4ecbc2-2315-41bb-9888-64a47547fc95,care.rodeo,premium,80,31,4,,,
5deb234a-dcec-4021-ac28-c37fb62416e9,care.rsvp,premium,80,31,4,,,
58210d4f-b118-49f0-b221-e295731bb99b,care.salon,expiring,80,31,4,"GoDaddy.com, LLC",09/01/2020 18:50,09/01/2026 18:50
34f1186a-f3ac-428e-800e-09bd6f27175e,care.sarl,available,80,31,4,,,
d7d3f38d-e431-4596-afb3-abcf79cb7530,care.sbs,premium,80,31,4,,,
258408a1-df6f-4de1-b376-00834233ba86,care.school,resell,80,31,4,"Xiamen ChinaSource Internet Service Co., Ltd",11/03/2022 13:15,11/03/2026 13:15
b1389d25-8088-41d5-b74a-bc9738e60279,care.schule,available,80,31,4,,,
7450fbbb-be2e-47c3-8d56-8c0eccab12a4,care.science,resell,80,31,4,Porkbun,21/03/2022 15:51,21/03/2026 15:51
f6f5a4a0-b34f-4832-bcb3-dfeaa8bf653d,care.security,available,80,31,4,,,
48bd3590-af59-4c68-8c95-8ab7b7a60c31,care.services,premium,80,31,4,,,
0aa9fbe4-10b6-4328-996f-11bb2bee3372,care.sexy,premium,80,31,4,,,
f5fee52e-8e0d-4603-a3ce-a206f68e437f,care.shiksha,available,80,31,4,,,
697c10f5-170b-4a21-97c0-d0a8a2eeecdb,care.shoes,available,80,31,4,,,
e39657e2-fba3-4642-bfd3-b671540b0bcc,care.shopping,premium,80,31,4,,,
a589e8b6-f613-4697-a3be-5d89d7013709,care.show,resell,80,31,4,"Chengdu West Dimension Digital Technology Co., Ltd.",06/03/2017 06:46,06/03/2026 06:46
a3a1e8c9-a70c-42cd-9752-dd0b3f1291b2,care.singles,available,80,31,4,,,
42fa59ca-92fd-4fd7-9521-7edb94a4e69c,care.ski,premium,80,31,4,,,
eebffb9d-ed80-49d7-a60d-21e28dc87ba2,care.skin,premium,80,31,4,,,
f65feb55-139e-4c49-8a00-acbaa3e2e15a,care.soccer,available,80,31,4,,,
c0e86d60-a5ca-44e2-a766-1454c5278816,care.social,expiring,80,31,4,Unstoppable Domains Inc,03/01/2024 15:15,03/01/2026 15:15
a1cd320a-57c5-4586-896d-b4eee2ecb620,care.solar,premium,80,31,4,,,
0d253372-8404-483e-be47-70147e8b9f9e,care.solutions,resell,80,31,4,"Spaceship, Inc.",23/03/2014 16:00,23/03/2026 16:00
09e0536f-7bb6-4c69-bdb7-882770f1727d,care.soy,premium,80,31,4,,,
4039da5f-bced-4474-8513-90d505999c88,care.space,premium,80,31,4,,,
535f20be-f77e-4742-ba55-315699166116,care.spot,premium,80,31,4,,,
49695528-460c-4d30-a1c7-884a0170c462,care.srl,available,80,31,4,,,
5c7c012e-4e5e-466b-8269-29b04c397d93,care.storage,available,80,31,4,,,
b74728a5-5fb1-4d99-80c3-83b09c123d54,care.store,premium,80,31,4,,,
12b5c6dc-ea03-4adf-9760-f0c36ec78521,care.sucks,premium,80,31,4,,,
b8fdb93e-96f2-45e1-9e73-32d82049726f,care.supplies,premium,80,31,4,,,
6496b4ed-9469-410b-8970-cbc36c8f6b52,care.supply,premium,80,31,4,,,
4dbeba7c-a612-417e-8c00-f51bc3217f6d,care.surf,available,80,31,4,,,
478920a0-f3d9-44a0-a712-dab7ec55bac3,care.surgery,premium,80,31,4,,,
97315225-3d7f-4415-b7f0-971bbdda0dbe,care.sydney,premium,80,31,4,,,
fba4549d-cca7-47fd-8c2f-f7f01e82712a,care.talk,premium,80,31,4,,,
c87e04c2-d99a-4c3d-9986-b11e1a4aba1e,care.tattoo,premium,80,31,4,,,
f2e8de43-f660-4920-a039-2fe63b3e523e,care.taxi,resell,80,31,4,"Sav.com, LLC - 9",12/07/2025 15:16,12/07/2026 15:16
ee07a728-2c43-471a-a0df-e6c12574659e,care.team,resell,80,31,4,"Chengdu West Dimension Digital Technology Co., Ltd.",15/10/2016 23:54,15/10/2026 23:54
623fba3d-ff08-44bd-94e1-b3989cd32a4a,care.technology,resell,80,31,4,"Sav.com, LLC",28/10/2016 20:05,28/10/2026 20:05
862174c9-c1af-4136-ab52-11924b2c0070,care.tennis,available,80,31,4,,,
811deec4-e1d6-42e6-bee2-9ee1e89b1824,care.theater,available,80,31,4,,,
998426af-3358-43d3-9289-d2b4aec25427,care.theatre,available,80,31,4,,,
6a1175c7-bec0-4de2-a723-173696e0da49,care.tickets,premium,80,31,4,,,
04fddcac-9a40-4b81-b286-494e8cab9465,care.tienda,available,80,31,4,,,
45f3a96f-fb9a-4aa1-ad8f-6a501d26d994,care.tips,premium,80,31,4,,,
9f304825-a9ad-41e0-a2a9-124b7f1af0a3,care.tires,available,80,31,4,,,
486df0ac-b58f-420b-ab36-d23e7a660404,care.tools,resell,80,31,4,Porkbun LLC,24/02/2020 23:19,24/02/2026 23:19
8ff5d9c2-62e6-40e8-94f5-1f67dd6ae2be,care.top,premium,80,31,4,,,
99dbbb7d-30a7-425e-a074-161b45997d6f,care.tours,sold,80,31,4,"GoDaddy.com, LLC",04/09/2025 19:27,04/09/2026 19:27
48585853-e5f8-4aea-9752-7bd7fde05f6a,care.toys,sold,80,31,4,Domain Science Kutatási Szolgáltató Korlátolt Felelősségű Társaság,25/10/2025 15:15,25/10/2026 15:15
e1664ee7-33ba-41b6-ac2a-76588964ea0f,care.training,sold,80,31,4,"Global Domains International, Inc. DBA DomainCostClub.com",22/09/2025 15:15,22/09/2026 15:15
88948941-75e4-4d26-807b-fb3be44bc145,care.tube,expired,80,31,4,"Latin American Telecom, LLC",08/11/2017 19:27,08/11/2025 19:27
7aac507d-f4ed-46e9-9d56-9c34aef05422,care.tv,resell,80,31,4,Dynadot Inc,26/12/2010 09:33,26/12/2026 09:33
f61e7d96-5f7f-448b-9bc7-ad21c5e0867a,care.uno,premium,80,31,4,,,
ba940d8c-b7b4-4d92-bd8f-290bec353d78,care.vana,available,80,31,4,,,
4622e8eb-1670-44cc-9c2a-2e1a5f7d70f3,care.vc,resell,80,31,4,"Name.com, Inc.",25/03/2020 07:01,25/03/2026 07:01
b9d2b15c-226e-4b4a-a656-7fc99359d0bf,care.vegas,premium,80,31,4,,,
3447d4d6-be78-41b2-bda1-a2a396f549b6,care.ventures,sold,80,31,4,Dynadot Inc,02/07/2022 13:15,02/07/2026 13:15
daf71455-d90c-4fbd-bd54-ca465b97fb0e,care.viajes,available,80,31,4,,,
2f55785e-daf9-4fdb-996e-30a6936a13f6,care.video,resell,80,31,4,"Chengdu West Dimension Digital Technology Co., Ltd.",24/07/2021 08:23,24/07/2027 08:23
172f5236-a1a1-486b-b0c3-80f16ed87f8a,care.villas,premium,80,31,4,,,
c0bc8f3e-eea1-40a0-8398-86b7f6247277,care.vodka,premium,80,31,4,,,
443f9bdc-a36c-4728-b54e-ae5710cc5bba,care.voting,available,80,31,4,,,
03466eef-a761-469a-a571-a8a134cc256e,care.voto,available,80,31,4,,,
8cd287d0-aad1-49a3-97f8-ebc34c897ddf,care.watch,sold,80,31,4,"GoDaddy.com, LLC",26/09/2024 17:53,26/09/2026 17:53
a95a4bc2-9e36-4f52-996b-1d94a58927ad,care.webcam,premium,80,31,4,,,
30285a9b-c716-4873-8bb2-fdf19e6ad42f,care.website,premium,80,31,4,,,
2084115c-2d87-4cca-a8c9-aa8a9a428635,care.wedding,premium,80,31,4,,,
37c048d3-5369-4995-87b1-9f678eccea7c,care.wiki,premium,80,31,4,,,
15fc5440-e784-4591-91ee-0392e86ec01b,care.win,premium,80,31,4,,,
eabeb81d-7b56-4498-a5cf-45a66453e273,care.xyz,expiring,80,31,4,"Sav.com, LLC",17/12/2021 23:36,17/12/2025 23:59
c46121f1-9213-4f8a-81b5-9d3feb8b5b50,care.yachts,premium,80,31,4,,,
a69dfe88-c96c-4461-ab6a-0a7695cf6786,care.yoga,resell,80,31,4,"Sav.com, LLC - 7",14/11/2025 00:00,14/11/2026 00:00
e3036274-5e2f-42cb-a4ab-8b7a8c1d044c,care.you,resell,80,31,4,"Spaceship, Inc.",07/10/2025 00:59,07/10/2026 00:59
4045b68d-c273-4d9d-a180-8b6a09551aa5,care.zip,premium,80,31,4,,,
a6e3bc1e-edaa-4fb8-9f9f-42bb2a51508b,care.ac,sold,80,31,4,"Spaceship, Inc.",27/09/2012 16:51,27/09/2026 16:51
d1df24f6-ecab-4911-9c41-e343ae7f208e,care.academy,premium,80,31,4,,,
13816251-bb96-4c8a-a844-42285ef49b36,care.accountant,premium,80,31,4,,,
93e1d951-21aa-4e94-b2d6-9a3d2fb405e7,care.accountants,available,80,31,4,,,
8adcb37b-82af-483c-9e84-d6d1b6108673,care.actor,available,80,31,4,,,
21103835-16e9-4f43-beca-4dbc45b62b2b,care.adult,premium,80,31,4,,,
15116759-63ac-468d-b950-21244bd3d74d,care.archi,available,80,31,4,,,
ad8ab630-31f9-4fef-9463-a5ceace98c4c,care.art,premium,80,31,4,,,
4c057ebc-de47-4748-979c-b9d7549e8651,care.attorney,premium,80,31,4,,,
e5525ed7-f2cb-419e-ae07-d79a2577dc09,care.audio,premium,80,31,4,,,
29b96fa0-b0f6-4e0f-86a7-7d3496a37662,care.auto,available,80,31,4,,,
50d68adc-ccd5-428e-bb31-a181f558afce,care.autos,premium,80,31,4,,,
03ec5859-c22b-4067-95ce-3064082f815b,care.baby,premium,80,31,4,,,
696f725c-557e-407e-8c2d-1cc6bbb0bbd6,care.bar,premium,80,31,4,,,
4f899abc-8bf3-4771-8b1d-88564ed672ea,care.bargains,premium,80,31,4,,,
351c9033-a758-420c-951d-0423061e0d5a,care.bayern,sold,80,31,4,IONOS SE,24/10/2023 13:59,24/10/2026 13:59
b8fe0500-698a-4875-a63e-b1336c07d843,care.beauty,premium,80,31,4,,,
2b9497c9-bad4-4d0d-aac9-8d229f734265,care.beer,available,80,31,4,,,
6e2c0220-4477-4044-92fe-613085746a40,care.berlin,available,80,31,4,,,
7ae494c4-1c42-4555-a9b3-0fc305e90978,care.best,sold,80,31,4,PDR Ltd. d/b/a PublicDomainRegistry.com,07/10/2025 10:33,07/10/2026 23:59
13c6c9ea-71a1-440a-9315-9b92f5dbdc50,care.bet,resell,80,31,4,Porkbun LLC,01/06/2023 14:48,01/06/2026 14:48
0dbad187-5bad-4e41-9b3e-afe26e428f88,care.bid,resell,80,31,4,Porkbun,27/07/2019 03:11,27/07/2026 03:11
d93936a4-2752-4702-a36c-02d4e932684a,care.bingo,available,80,31,4,,,
9a5357db-428f-4352-a0e9-99d9fee67e76,care.bio,resell,80,31,4,Vautron Rechenzentrum AG,09/09/2014 17:46,09/09/2026 17:46
f9cfcca0-0da0-4d7f-aa23-827a8d459b1b,care.black,resell,80,31,4,"Xiamen ChinaSource Internet Service Co., Ltd",07/11/2024 17:00,07/11/2025 17:00
a6bae29f-da9e-40dd-91a3-a9294e2c897c,care.blackfriday,available,80,31,4,,,
6ddf6a3f-ceed-4c05-af3b-b5947e882b20,care.blog,premium,80,31,4,,,
69b8cc36-1736-4d99-9245-141d9ec4b475,care.blue,premium,80,31,4,,,
80f897b3-a949-4c59-af96-2b6369f838d9,care.boats,premium,80,31,4,,,
a9bd2afd-e4e3-4d8f-9674-ad16824a93f8,care.boo,premium,80,31,4,,,
2c5d288c-7da2-485e-b2bb-298bc815cec7,care.bot,premium,80,31,4,,,
0a5b9ff4-62ea-4fed-839e-05b475a7a782,care.boutique,resell,80,31,4,"Spaceship, Inc.",08/08/2025 07:58,08/08/2026 07:58
70dbb89f-d9c1-4400-bc33-de45f21895ed,care.build,premium,80,31,4,,,
5305d9a9-81e2-4f8d-92d1-12c6dc99f716,care.buzz,premium,80,31,4,,,
c8d02bdb-037b-4375-8814-7fd25565f0a0,care.bz,premium,80,31,4,,,
a85dc32a-570b-4def-b50f-7604057063cd,care.cam,premium,80,31,4,,,
0083d0c8-611e-4439-9ec8-9ad167b1328c,care.camera,available,80,31,4,,,
ec540d8b-d458-4d0a-9440-8537ab4a9c76,care.camp,resell,80,31,4,"Sav.com, LLC - 6",16/05/2025 15:16,16/05/2026 15:16
0a16e973-77dc-4240-b792-95429d87a1c0,care.capital,resell,80,31,4,Dynadot Inc,16/04/2025 09:46,16/04/2026 09:46
27d663a7-18a6-40dc-bdbb-6b849b83aef3,care.car,available,80,31,4,,,
79ee4dd7-dd84-4b3f-9ceb-e728bf905342,care.cards,premium,80,31,4,,,
e236b85b-02f8-471a-91b6-1890541ce78a,care.careers,premium,80,31,4,,,
8cc531fb-7a8f-4e2b-a3e6-8ef1acf4bbfc,care.cars,available,80,31,4,,,
61d5b2cd-3423-4d5c-9ca9-8a3ea411db1b,care.casino,available,80,31,4,,,
a0a878dc-99ba-4bbc-985b-11db7c27ded8,care.catering,premium,80,31,4,,,
94bf5671-22f8-4941-ac92-03c1ccc90382,care.ceo,available,80,31,4,,,
bed2a6de-dba5-4aea-a50f-a40ed6b6fab8,care.cfd,premium,80,31,4,,,
98757711-25de-44c3-9d2c-789441be183a,care.chat,premium,80,31,4,,,
a42dff93-1ee7-47ec-abf3-67fe147ecaea,care.cheap,sold,80,31,4,Domain Science Kutatási Szolgáltató Korlátolt Felelősségű Társaság,01/11/2025 15:15,01/11/2026 15:15
64fd0324-9bd9-4b37-943a-249492b03f08,care.church,resell,80,31,4,"Sav.com, LLC",10/10/2024 17:09,10/10/2026 17:09
a14b626d-3295-439d-8bfc-394af7b242c6,care.city,resell,80,31,4,Dynadot Inc,04/11/2022 19:28,04/11/2026 19:28
4e1e9a0d-eb83-4a31-be15-bcd64d4b51f9,care.clinic,resell,80,31,4,"Spaceship, Inc.",26/08/2015 16:00,26/08/2026 16:00
e061f5f5-33fe-45d1-8675-344b43e87b5b,care.clothing,available,80,31,4,,,
6c618dd0-7f3d-43a6-a29e-4419306820e1,care.cloud,premium,80,31,4,,,
4dca31d3-f5ff-4579-a15f-e706cca5c1d2,care.co,resell,80,31,4,Hello Internet Corp.,24/02/2010 23:16,23/02/2026 23:59
48c391ca-5dbb-4208-a4b7-ada6ff678e9f,care.company,resell,80,31,4,"Spaceship, Inc.",07/09/2016 10:20,07/09/2026 10:20
bb3f5c9c-7671-43c2-9f18-bc5ac8e87dc7,care.computer,resell,80,31,4,"Sav.com, LLC",08/06/2024 19:59,08/06/2026 19:59
e7daf61b-ba0a-4b53-83ce-592dc1095551,care.condos,premium,80,31,4,,,
41604914-71e8-40a4-ad04-3d4377ac7ff9,care.construction,resell,80,31,4,"Sav.com, LLC - 27",25/11/2024 15:15,25/11/2026 15:15
adde3f1c-bbd4-4f7d-8f55-7dad20e3b3dc,care.consulting,premium,80,31,4,,,
524f1333-17ed-48ca-b760-7079620b08be,care.contact,resell,80,31,4,"Sav.com, LLC",06/12/2020 16:59,06/12/2026 16:59
4763bf0c-15dd-4ee7-b5fd-3d2a3ed1c93f,care.contractors,available,80,31,4,,,
d2aecbcd-db16-4016-950a-99b67d9b08a6,care.cooking,premium,80,31,4,,,
f8ea158d-f14e-4b1c-804a-06776bc6ed66,care.cool,resell,80,31,4,"DNSPod, Inc.",14/08/2020 13:08,14/08/2026 13:08
32bce2ef-6587-4159-beba-5e6e1f6ca515,care.country,available,80,31,4,,,
6e4f33bd-33d0-4588-9989-ee888f2cefc1,care.coupons,sold,80,31,4,Domain Science Kutatási Szolgáltató Korlátolt Felelősségű Társaság,25/10/2025 15:15,25/10/2026 15:15
0dc9ec73-6199-4bd9-adb3-186a27a64642,care.creditcard,available,80,31,4,,,
c5da019f-3652-4a45-b557-fe84dea5daa2,care.cricket,available,80,31,4,,,
b2fb2661-8044-4996-bfb6-3428f0241a27,care.cruises,available,80,31,4,,,
bc993dbf-a11b-49c6-afe1-da762dffc82f,care.cv,expired,80,31,4,apitestregistrar,30/11/2024 00:00,30/11/2025 09:47
a8d031f3-1319-4bf0-835b-822a2ce78216,care.cx,resell,80,31,4,CentralNic Ltd,02/12/2019 00:00,02/12/2026 14:16
353dab4f-55d2-44e3-8705-f85e583e3ac0,care.cyou,premium,80,31,4,,,
b4f9e6d3-e8c3-450f-88e7-3dca10097203,care.dad,premium,80,31,4,,,
ea27665e-cde5-4954-94a6-6fa007b6f67e,care.dance,available,80,31,4,,,
00ba2047-1e73-473c-8bf5-42ae19b0b177,care.date,premium,80,31,4,,,
afbf7328-03f0-4952-9d94-93c08d5bb479,care.dating,premium,80,31,4,,,
c13f5ce8-f969-4d67-9eb8-e1eef53582ab,care.day,premium,80,31,4,,,
34896b18-43ea-4880-b32f-c311d41200c3,care.deal,premium,80,31,4,,,
477a1d6e-70b8-486d-a2d2-6c553ba05cb5,care.dealer,premium,80,31,4,,,
770c35d9-6a17-4650-ae32-a1afbaee2d7b,care.degree,available,80,31,4,,,
0f28d547-3ce5-4fd4-aa3e-ced1bc0ca549,care.delivery,sold,80,31,4,Dynadot Inc,24/10/2020 13:59,24/10/2026 13:59
31d93de1-65be-49bc-8e98-5b31cccec412,care.democrat,available,80,31,4,,,
882f951b-4b32-410e-9ee5-3444c835270b,care.dentist,premium,80,31,4,,,
8e0462c2-af82-446d-8ae7-b2ada518bcec,care.dev,sold,80,31,4,"GoDaddy.com, LLC",21/07/2025 21:34,21/07/2026 21:34
6b9e99a6-01b1-4d43-a532-99efa90b96af,care.diamonds,available,80,31,4,,,
31e9d6a1-5a4c-49ce-942f-32ea40b0d1eb,care.diet,premium,80,31,4,,,
ec99102f-80f6-4735-ae3d-eb5eef4a3679,care.direct,sold,80,31,4,"GoDaddy.com, LLC",13/12/2016 01:06,13/12/2026 01:06
a84c41a2-bba1-4c08-ac41-29f64ee7f9f6,care.directory,sold,80,31,4,"Spaceship, Inc.",16/06/2022 13:15,16/06/2026 13:15
c8d395c0-9bf9-421a-af89-28fb50625e77,care.discount,premium,80,31,4,,,
d13c43ad-96cf-4dbc-bbbc-5b058b384e2d,health.ac,resell,92,37,6,"GoDaddy.com, LLC",25/06/2019 02:43,25/06/2026 02:43
ef85acc2-652a-404a-aeef-43e802aea447,health.accountant,premium,92,37,6,,,
1c1897b7-cd19-4229-bc7b-00cd33b36ba1,health.accountants,available,92,37,6,,,
6dfd2f20-9d14-40ce-8fb7-6e012830756b,health.adult,expiring,92,37,6,"GoDaddy.com, LLC",29/12/2019 03:37,29/12/2025 03:37
8632e708-81e3-49b5-98e9-cfdb1b18f873,health.airforce,premium,92,37,6,,,
44e459ec-316c-4164-a0e6-4b76cc83e746,health.apartments,premium,92,37,6,,,
f28b1f5b-6eea-4f67-a241-bebfc5d8e0ef,health.archi,available,92,37,6,,,
25e1bda6-dde1-4748-adec-5479d3db20b9,health.army,premium,92,37,6,,,
3034fd05-d7d0-4a89-8c3a-86c1b59af817,health.at,sold,92,37,6,DAY Investments GmbH ( https://nic.at/registrar/485 ),,
b884b9b6-4501-4f20-850f-d73c5bad8fde,health.attorney,premium,92,37,6,,,
93caf68b-411d-48ef-b3b6-867c2420e702,health.auction,premium,92,37,6,,,
ccafa5c4-89cd-41fb-b742-fb13b5dacf9c,health.audio,available,92,37,6,,,
87159107-a2a2-4ec8-8f1e-2dd806782dec,health.auto,available,92,37,6,,,
1bea89a8-3945-48c6-9b79-4e987b5f640f,health.autos,premium,92,37,6,,,
02f6b4c5-8725-4de3-935b-5ac5f99b0831,health.baby,premium,92,37,6,,,
eba92e5e-1ec4-43d9-9fb5-392ee6e25f76,health.bar,premium,92,37,6,,,
360dcaa5-d6ce-48a4-bc58-7679b4e59371,health.bargains,premium,92,37,6,,,
012b707d-b5e9-44b8-9aaf-8921293c17a3,health.bayern,premium,92,37,6,,,
c92de11d-fcba-41a9-bf35-a24215fb96ad,health.beauty,premium,92,37,6,,,
b0f9cd2b-746d-47af-881d-729081fe485b,health.beer,resell,92,37,6,Alibaba Cloud Computing Ltd. d/b/a HiChina (www.net.cn),10/09/2018 12:46,10/09/2026 12:46
430888b5-974a-4022-8a64-d1957600cd90,health.berlin,premium,92,37,6,,,
1d261b06-faad-4641-bef9-69e3c0b7668e,health.best,resell,92,37,6,"Spaceship, Inc.",25/02/2020 15:46,25/02/2026 23:59
e3a5a9ae-ec1b-4d7d-8d62-7a0916d6bf04,health.bid,resell,92,37,6,Porkbun,26/07/2019 14:17,26/07/2026 14:17
544113e2-ee2b-468e-b8ef-c8a02b74ef19,health.bike,resell,92,37,6,"Chengdu West Dimension Digital Technology Co., Ltd.",01/02/2017 16:55,01/02/2026 16:55
ade639f5-d7e8-4284-9350-2be9a5fd1cee,health.bingo,resell,92,37,6,"Sav.com, LLC - 18",07/12/2025 15:15,07/12/2026 15:15
6595419d-921e-4cca-b991-2ce9a35ff1ae,health.bio,premium,92,37,6,,,
00ad67ee-427c-4dde-b8ad-f8f0edbba21c,health.blackfriday,available,92,37,6,,,
796b2efd-0988-413a-95a0-754336f7e92f,health.blue,resell,92,37,6,"Sav.com, LLC",14/03/2019 10:12,14/03/2026 10:12
9989fdef-0e2b-403f-a29b-506d5fa67c39,health.boats,premium,92,37,6,,,
49062b39-3149-4ae4-b1cd-2ac245134834,health.boo,premium,92,37,6,,,
5688b8ba-4c68-4b46-b8a8-9b0e84f8dc8f,health.boston,premium,92,37,6,,,
17eb07e4-21a4-4523-97f5-82f88b889ec7,health.bot,premium,92,37,6,,,
d4c023f7-db69-43df-b0cb-0ba159022626,health.boutique,expiring,92,37,6,"Global Domains International, Inc. DBA DomainCostClub.com",23/12/2024 15:15,23/12/2025 15:15
9d33cf53-2023-46c8-9c8d-c481f24de40c,health.build,premium,92,37,6,,,
33ed8fd4-060a-46a2-bd19-dc64ff3dafb2,health.builders,resell,92,37,6,"Spaceship, Inc.",26/03/2014 16:00,26/03/2026 16:00
718c17e4-f27b-46f2-a520-61714e600811,health.bz,resell,92,37,6,"GoDaddy.com, LLC",12/09/2022 01:08,12/09/2026 01:08
ee6512e4-54a2-49bb-a138-2a936fd5365d,health.ca,resell,92,37,6,CanSpace Solutions Inc.,25/09/2000 15:49,24/09/2026 04:00
52418c15-f988-4a18-8920-62b9ea3217c8,health.cab,resell,92,37,6,"Chengdu West Dimension Digital Technology Co., Ltd.",02/03/2017 23:29,02/03/2028 23:29
f3240a5b-a797-4aae-a6a4-5a4d1ea1f2a8,health.cafe,expiring,92,37,6,Dynadot Inc,18/12/2019 07:40,18/12/2025 07:40
9cdfe1f7-eaba-4460-a23b-eec5eb9d6147,health.camp,premium,92,37,6,,,
1fffb9f9-56be-4a00-b58c-fd878041d371,health.capital,resell,92,37,6,Dynadot Inc,02/09/2015 16:00,02/09/2026 16:00
e0f5934a-6898-47ba-b4d3-198a05c34cfb,health.car,available,92,37,6,,,
c62a6b2f-8881-46f5-9a40-570ff0d08011,health.cars,available,92,37,6,,,
8727541f-0be9-4103-88d6-c1aeef31c25f,health.casa,expiring,92,37,6,Tucows Domains Inc.,16/12/2019 11:36,16/12/2025 11:36
9d556f20-4c5e-46c6-94e0-e0dc896ddb9e,health.catering,premium,92,37,6,,,
0b39c07a-8544-46c4-8072-37c7156f1348,health.ceo,resell,92,37,6,Dynadot LLC,03/11/2025 20:07,03/11/2026 23:59
90711469-a70e-49ec-973e-f8acf6079cb8,health.cfd,premium,92,37,6,,,
3ece6f73-3f6f-4876-ab53-02f08da6acf8,health.charity,premium,92,37,6,,,
bc46ff2b-9346-4d7b-a313-1e1492fa3395,health.christmas,premium,92,37,6,,,
a9997889-35a0-4dfa-937a-546b0ca418cf,health.church,resell,92,37,6,"GoDaddy.com, LLC",16/02/2024 09:12,16/02/2026 09:12
0558eaa4-56a7-448f-93ef-35d04341a55c,health.claims,premium,92,37,6,,,
0ad8df86-09c4-4389-82fb-6b3d9852c0c3,health.cleaning,premium,92,37,6,,,
294d81f3-b5fd-4aa7-8150-b9d0ca6c62f7,health.click,resell,92,37,6,Porkbun LLC,05/07/2020 11:08,05/07/2026 11:08
957ab20b-62b6-46b5-95cb-c6d0f93790ad,health.clinic,resell,92,37,6,"NameSilo, LLC",07/11/2017 23:24,07/11/2026 23:24
d163b726-2056-468f-a4fb-b56e95e49836,health.clothing,resell,92,37,6,Porkbun LLC,23/04/2024 15:15,23/04/2026 15:15
8ec86e52-f9ba-4456-90ac-ff7b2dc37236,health.cloud,premium,92,37,6,,,
4261e8ff-a2c4-4545-b2ad-e1e75ad48464,health.club,resell,92,37,6,"GoDaddy.com, LLC",15/10/2015 10:57,14/10/2026 23:59
2e75f965-f11f-4d1c-901b-cd8186492ceb,health.coffee,resell,92,37,6,Porkbun LLC,25/06/2023 15:15,25/06/2026 15:15
bed18929-b0df-4cab-a792-31f2cd5893ad,health.college,premium,92,37,6,,,
d0a2bd4e-a87a-4404-9301-405e38da72c9,health.community,resell,92,37,6,"Global Domains International, Inc. DBA DomainCostClub.com",05/02/2018 09:03,05/02/2026 09:03
dd123b09-215c-4db4-9dd2-57cebac45896,health.condos,premium,92,37,6,,,
992ebe50-1546-4b65-9c8d-648c2e280470,health.construction,premium,92,37,6,,,
f7377eb1-4509-435f-ae7b-30ef818019b3,health.consulting,premium,92,37,6,,,
5eea7f01-f512-4892-aa21-4234f3135250,health.contact,resell,92,37,6,Porkbun LLC,06/12/2020 16:00,06/12/2026 16:00
1fd33786-ca54-4d07-bad8-2db628d6ec41,health.contractors,premium,92,37,6,,,
839264f8-bfea-4a3b-be88-557f86cba7ca,health.cooking,premium,92,37,6,,,
33f97ebe-7756-4d82-9591-8cba673c22dc,health.country,available,92,37,6,,,
3fdc7d90-42db-40d1-8dfb-39cc839c47a0,health.coupons,premium,92,37,6,,,
13543301-00b8-47ac-b9df-022c5e83f4f6,health.courses,expired,92,37,6,OPEN UNIVERSITIES AUSTRALIA PTY LTD - COURSES,07/12/2015 01:03,07/12/2025 01:03
1d74b184-8df6-4d23-a8f6-162007641848,health.creditcard,premium,92,37,6,,,
9b435a4f-e024-4645-869e-b73ffd395ffc,health.cricket,resell,92,37,6,Key-Systems LLC,27/04/2015 10:07,26/04/2026 23:59
c27415c7-51fc-4913-b4fa-caa643db81dd,health.cruises,premium,92,37,6,,,
0ced09e8-281d-42a6-9aeb-63c8cc675bde,health.cx,resell,92,37,6,West263 International Limited,05/04/2023 00:00,05/04/2026 04:25
54c3792e-8699-4d84-8d95-35f8f9f5a823,health.dad,premium,92,37,6,,,
330dd6a2-46a5-42a7-991f-6e1ab775ecc0,health.dance,premium,92,37,6,,,
5ad93cba-adfb-4c3e-ad55-d3ab7da08f58,health.date,premium,92,37,6,,,
773a2814-de91-4fe6-9ed2-32b1acab0c13,health.dating,available,92,37,6,,,
8dbb1b14-b903-4c08-a0b4-384b7773a076,health.day,premium,92,37,6,,,
43e46faa-b827-414e-9984-675b036e348f,health.deal,premium,92,37,6,,,
c42d8dd2-7b52-49ff-860c-0be31bb40990,health.dealer,premium,92,37,6,,,
1e0e551b-0c90-4b1f-a6e2-f835b19befee,health.degree,premium,92,37,6,,,
fe1e3b64-8893-4de6-94de-63c8e58c4bad,health.delivery,resell,92,37,6,Porkbun LLC,18/07/2023 15:15,18/07/2026 15:15
bd39dcb1-bc11-4a00-83bd-de273b1161e4,health.democrat,available,92,37,6,,,
8eabf627-24a8-4182-b652-b197c807af36,health.dental,resell,92,37,6,"GoDaddy.com, LLC",05/06/2023 05:17,05/06/2026 05:17
c73f012c-2b0a-4762-9d92-cb8fc3250e86,health.dentist,premium,92,37,6,,,
07bbdfbd-7c1d-440e-8937-9aa1bd8852cb,health.dev,premium,92,37,6,,,
2fd973fd-79f6-49d0-ab6f-af964854b2be,health.diamonds,available,92,37,6,,,
201ebdcb-54c2-49b2-a4ab-ddd8ba0b5c85,health.diet,premium,92,37,6,,,
63e8abce-1a97-4e6b-80e4-f75bc3e64f90,health.directory,resell,92,37,6,"Global Domains International, Inc. DBA DomainCostClub.com",16/02/2014 16:00,16/02/2027 16:00
3444e303-6a54-45ba-b704-359a8cee6228,health.diy,premium,92,37,6,,,
87eca04f-46ce-4f0e-a622-e077f065de87,health.dog,premium,92,37,6,,,
eb6e976c-529c-4e65-b9fb-5f580bcdaaab,health.domains,premium,92,37,6,,,
c029e976-b12c-4edf-bbe0-ee2d7ba0ef3d,health.download,premium,92,37,6,,,
8e952e1b-2912-483a-8cbf-b1343eba7152,health.earth,resell,92,37,6,"GoDaddy.com, LLC",12/11/2019 15:25,12/11/2026 15:25
5e3877d6-f4c8-4d37-b319-8e5e60b3843d,health.email,resell,92,37,6,"Xiamen ChinaSource Internet Service Co., Ltd",23/09/2024 15:15,23/09/2026 15:15
23d536d4-c645-4b11-8c7e-6b27a329ad35,health.engineer,premium,92,37,6,,,
fa514066-d140-41b4-93c8-ba9c51327e6b,health.enterprises,resell,92,37,6,Porkbun LLC,25/11/2018 19:03,25/11/2026 19:03
26fbac02-11ff-4fef-bfad-7908b71cdf79,health.esq,premium,92,37,6,,,
54d96405-826c-4ebb-8e00-e6195ac07e61,health.estate,expiring,92,37,6,"GoDaddy.com, LLC",02/01/2024 18:39,02/01/2026 18:39
7f142ab8-ccda-46bc-a29f-13189453ee18,health.eu,resell,92,37,6,"Name: Spaceship, Inc. Website: https://www.spaceship.com/",,
118f78d7-3c5a-4eec-bb87-6b41b9090a83,health.events,resell,92,37,6,"GoDaddy.com, LLC",29/09/2024 01:23,29/09/2026 01:23
d5960061-2c2b-4b83-84b9-dde7b5652fae,health.exposed,premium,92,37,6,,,
74cf3f27-a6e4-4a06-93b9-e36dcad472c8,health.fail,premium,92,37,6,,,
749ae055-b8e2-4c69-9df3-24b73211674f,health.faith,premium,92,37,6,,,
1a2e88db-bec3-4444-81cf-9c18e83b6601,health.family,premium,92,37,6,,,
a9b15ce2-c420-408c-8c7b-4080784e1c57,health.fan,premium,92,37,6,,,
2fa6b74b-aec8-4c4c-b1d6-c0b040a34a63,health.fans,premium,92,37,6,,,
eab75545-b422-4530-9d4e-9b8eebea60ea,health.fashion,resell,92,37,6,"Spaceship, Inc.",16/04/2021 08:25,16/04/2026 08:25
ee04f05b-b8a3-4e45-8c6a-3b793bd9d203,health.film,premium,92,37,6,,,
9f71aa0a-ab0b-4625-b75d-b4ccf20aa8d6,health.fishing,available,92,37,6,,,
8dd33731-5860-4e8b-a82e-049896452b3a,health.flights,premium,92,37,6,,,
bb1ecab9-7de1-4276-97d1-1cb21b6f8e6f,health.florist,available,92,37,6,,,
48a96d86-6d29-48d7-873e-4c435d43c60b,health.flowers,available,92,37,6,,,
1c79a013-a55a-4706-a664-62efbb988a7d,health.foo,premium,92,37,6,,,
83b14817-c491-4557-b3e3-99fc5bb3e331,health.forsale,premium,92,37,6,,,
9837903e-0c68-4cf6-aaa7-37a114e35a72,health.foundation,resell,92,37,6,"Spaceship, Inc.",17/02/2018 18:44,17/02/2026 18:44
db8831f8-729d-4ee8-a834-3d09c80db52f,health.free,premium,92,37,6,,,
b6f22861-12fc-43a1-b288-01e81547344d,health.furniture,expired,92,37,6,"Sav.com, LLC - 21",02/10/2024 15:15,02/10/2025 15:15
ec382696-70e7-4eb2-bb78-385dfd64a2dc,health.futbol,available,92,37,6,,,
efbc6cbf-795b-4380-86d8-030f04866da6,health.fyi,resell,92,37,6,"Go Montenegro Domains, LLC",02/09/2015 16:00,02/09/2026 16:00
ac47f6da-38ed-4835-a5df-80e2deb1cbe2,health.gallery,premium,92,37,6,,,
81e137a9-0b71-49b6-8d46-02700d6c4db1,health.garden,resell,92,37,6,Sav.com LLC,17/04/2015 15:48,17/04/2026 15:48
df9bf2cd-e838-494a-85e3-5ab8354daa53,health.gay,premium,92,37,6,,,
b8a37e1c-c8ea-47ee-80de-e1444c315d82,health.gg,premium,92,37,6,,,
d2327730-752f-46f5-a64c-586c07e4d673,health.gift,resell,92,37,6,Porkbun LLC,15/05/2014 19:57,15/05/2026 19:57
070901db-c655-4ab3-9e01-f542e62fa43a,health.gives,premium,92,37,6,,,
39d5e7a7-674d-4196-9bc8-88bfb6c3c201,health.giving,premium,92,37,6,,,
3538ab19-9194-490e-b4bc-55d623ec3ecc,health.glass,premium,92,37,6,,,
29fe3fbd-73be-4994-ab40-8d201126daa3,health.global,resell,92,37,6,"Sav.com, LLC - 7",09/11/2024 15:15,09/11/2026 15:15
449207a7-1a75-43d7-bfd0-e958d717d661,health.golf,resell,92,37,6,"Sav.com, LLC - 36",12/09/2025 17:00,12/09/2026 17:00
a30d43f4-2ecb-4c77-b893-afeaea2658bc,health.graphics,available,92,37,6,,,
6e1900bb-18a0-40a1-9f3e-4fac5a8ffce9,health.gratis,premium,92,37,6,,,
569cf377-5b6e-405b-836b-5915b9bccc38,health.green,premium,92,37,6,,,
53f282d6-b51b-4405-885b-2af9fbe0a7ba,health.group,premium,92,37,6,,,
4e273a18-e51a-4046-a685-e5ad2a888b2c,health.guide,premium,92,37,6,,,
eae383cb-def7-4efb-92be-92774977299a,health.guitars,available,92,37,6,,,
9ce16683-d11d-4f86-8631-bcce6f11f154,health.guru,expiring,92,37,6,"Sav.com, LLC - 20",31/12/2024 15:15,31/12/2025 15:15
1b2a6f8f-8af2-446a-84d2-a35e898d151f,health.hair,premium,92,37,6,,,
ed5f1392-ffd3-4499-862b-ae6e8efb0758,health.haus,expired,92,37,6,"NameCheap, Inc.",24/09/2022 06:54,24/09/2025 06:54
ec504dc5-5e5f-489e-b043-fd33156e861a,health.health,resell,92,37,6,DotHealth LLC,30/07/2024 16:09,30/07/2026 16:09
a7cda113-41df-42ff-bd57-291727b5ac35,health.hiphop,premium,92,37,6,,,
e9c27b16-f2a3-4789-9302-7d589856f301,health.hiv,premium,92,37,6,,,
857c860d-279b-4225-b1de-f424a467667d,health.hockey,available,92,37,6,,,
12811cf7-ddef-488d-af02-9af6cb1370e8,health.holdings,resell,92,37,6,Porkbun LLC,11/07/2023 15:15,11/07/2026 15:15
358cf3e4-df1a-49ff-b3ef-9078d2aea4d0,health.homes,premium,92,37,6,,,
cc35f081-b741-4bb3-8b06-6a83925903ab,health.hospital,resell,92,37,6,"Sav.com, LLC - 20",20/06/2025 15:15,20/06/2026 15:15
cfac315d-ce6d-47a6-9bee-b7e686d76d86,health.host,premium,92,37,6,,,
51b7741d-ccd7-47e9-be29-5560bac37dbf,health.hosting,premium,92,37,6,,,
d9b68f71-5fac-4b12-b239-f54721e45bb1,health.hot,premium,92,37,6,,,
d49fe5b3-9926-4f40-bb4f-546f8644b0fa,health.house,expiring,92,37,6,"Spaceship, Inc.",08/01/2018 20:33,08/01/2026 20:33
cde99edc-d076-4076-a57c-3940e3a84ecb,health.how,premium,92,37,6,,,
0689ad4d-1759-40eb-9273-13b2db962886,health.im,premium,92,37,6,,,
eb8759f5-92be-4ade-aac9-070a5c27db02,health.immo,available,92,37,6,,,
e4a07ea4-e6a2-4e5b-a66c-6f930e10b112,health.immobilien,available,92,37,6,,,
7c2e7497-3b29-489d-931d-58babff06908,health.industries,premium,92,37,6,,,
0e8f1d4d-a588-4e31-a411-b6259408a75c,health.ing,premium,92,37,6,,,
89ae735c-9b99-43c5-860a-5fb389a2ce69,health.investments,premium,92,37,6,,,
c61a4e53-1bfc-40c3-b661-766064db2b66,health.irish,resell,92,37,6,"Sav.com, LLC - 12",18/09/2025 15:16,18/09/2026 15:16
70ed58a9-43e3-4639-b331-0cfd8c301ad8,health.jewelry,available,92,37,6,,,
589fc157-cd34-4932-9322-4cd56feb7e5e,health.juegos,available,92,37,6,,,
bcdde617-b634-4cc0-bb3a-763a840fae65,health.kaufen,available,92,37,6,,,
b47484f0-01e0-4f0a-95aa-380848aefb38,health.kids,premium,92,37,6,,,
3d8f88dc-c66b-481c-9ddd-e698be7d61de,health.kim,expiring,92,37,6,"Sav.com, LLC",10/12/2021 17:00,10/12/2025 17:00
a1733c19-35bd-4379-9d4f-2199ebe9437d,health.lease,premium,92,37,6,,,
886259bb-fa8b-4867-b91d-b85b44b77816,health.lgbt,premium,92,37,6,,,
193f8aff-3137-4aad-8839-e3e3f40d7659,health.lifestyle,resell,92,37,6,GoDaddy,16/11/2025 12:10,16/11/2026 12:10
f5f78826-775c-403c-a8ad-55e56ad5eb7f,health.lighting,resell,92,37,6,Porkbun LLC,04/05/2024 15:15,04/05/2026 15:15
252885c5-fa44-44c2-9707-c6db943a51f5,health.limo,available,92,37,6,,,
03363ca8-33e2-45ab-83e4-f52180a80bcb,health.link,resell,92,37,6,"Spaceship, Inc.",27/07/2017 02:47,27/07/2026 02:47
32832340-8c93-46d7-a456-235bc20ba70a,health.living,premium,92,37,6,,,
e2de2138-b3d5-46ca-bc11-62758485f395,health.loan,premium,92,37,6,,,
e8a98d74-b9f1-475c-8da0-d561d3ff5ffc,health.loans,premium,92,37,6,,,
a9cf0882-d495-47f2-b7c5-c7877585dd2b,health.locker,premium,92,37,6,,,
30232ce7-8b8a-4963-9307-ed418064828a,health.ltda,premium,92,37,6,,,
b91781a0-9eed-425e-94d1-b2221a582509,health.luxe,available,92,37,6,,,
cc481108-d0d7-45db-8aab-264980aedc7f,health.luxury,premium,92,37,6,,,
a2c6ccae-45d6-4848-8e5d-7abf0d012d93,health.maison,available,92,37,6,,,
6745bf18-f9a4-4d94-ab88-162dc75127b7,health.makeup,premium,92,37,6,,,
65c97f91-1994-4b5e-9816-5d8fd7efa64f,health.mba,resell,92,37,6,Alibaba Cloud Computing Ltd. d/b/a HiChina (www.net.cn),04/08/2023 15:15,04/08/2026 15:15
5892542f-a505-4a4d-8df9-9de432abcb85,health.media,resell,92,37,6,"Global Domains International, Inc. DBA DomainCostClub.com",26/12/2020 08:18,26/12/2026 08:18
81a50238-50bf-4398-9d7c-643c33347bad,health.melbourne,premium,92,37,6,,,
0ffc6ec2-cb62-405b-bbd6-fa4681781c82,health.meme,premium,92,37,6,,,
24041d0f-08ed-4600-aff7-eee84d7280fe,health.memorial,available,92,37,6,,,
a15cd07d-fb3b-44cf-90ca-771fec7c5a1b,health.men,premium,92,37,6,,,
ece691a2-2c19-42ce-9d51-5926189ae504,health.menu,premium,92,37,6,,,
15a2a78d-9fef-4515-8443-3b0f96f4e869,health.miami,premium,92,37,6,,,
f728f96f-97d4-4508-b984-a86872f94238,health.mobi,resell,92,37,6,"Xiamen ChinaSource Internet Service Co., Ltd",15/07/2025 15:15,15/07/2026 15:15
fa4733f3-4bfb-4827-bf6f-c7f50e62cdf3,health.moe,premium,92,37,6,,,
66b3b679-8dc2-4d9d-93bd-d76c8d989a6d,health.mom,premium,92,37,6,,,
8a4e1a7a-4514-400e-a1e0-ca756edb7fd0,health.monster,premium,92,37,6,,,
9a6db310-77fe-4905-a90b-e28227c458af,health.mortgage,premium,92,37,6,,,
c3e8c66f-d562-4822-9214-bc9c95960360,health.motorcycles,premium,92,37,6,,,
3103287e-a8d7-4f7d-83b7-5b8066eb3c22,health.mov,premium,92,37,6,,,
fbac01ff-6847-464a-b2df-56ecf1ddd187,health.music,premium,92,37,6,,,
7f73a946-8fe1-469a-9f4a-ea990ed0429f,health.navy,premium,92,37,6,,,
5f436265-548f-44a7-b879-4aa46d1fd4d6,health.nyc,premium,92,37,6,,,
d403f99b-f177-4b4b-986c-79c678f7eb25,health.one,resell,92,37,6,Dynadot Inc,23/04/2025 01:04,23/04/2026 01:04
eb6c7b94-e82e-4814-8f70-75c63aa83508,health.organic,resell,92,37,6,Porkbun LLC,13/09/2022 17:43,13/09/2026 17:43
8ea954d2-7903-43bb-bdc5-e4241687c87e,health.osaka,premium,92,37,6,,,
2bd06876-f3db-4cef-a3bd-609b1841026e,health.page,premium,92,37,6,,,
0fe7e504-aad0-4b75-8b1a-07f9c830ccd7,health.partners,resell,92,37,6,Porkbun LLC,21/06/2015 16:05,21/06/2026 16:05
407011e3-68fd-43bc-b513-a3b7f6e05bef,health.parts,premium,92,37,6,,,
8db1812e-30b4-450f-a7e4-1620533ad24f,health.party,resell,92,37,6,Key-Systems LLC,06/05/2016 07:05,05/05/2026 23:59
68f06c9f-5d22-4568-84e3-cd893d9c7b0b,health.pet,premium,92,37,6,,,
e3dd113c-5e93-4a1c-ad8f-aae4c4070f45,health.phd,premium,92,37,6,,,
b1e13ff1-53fb-41bc-aa6d-84fc14845b19,health.photo,premium,92,37,6,,,
bdb103a0-1e6e-4734-b049-67430348af01,health.photography,premium,92,37,6,,,
a7b7af93-4a35-4d87-85db-c6f976a8e58d,health.photos,expiring,92,37,6,Porkbun LLC,27/12/2020 00:09,27/12/2025 00:09
17b62eff-ead8-4dd2-ac8b-86293b477602,health.pics,premium,92,37,6,,,
eba99487-5d2e-49bf-9470-f21d24bf3fbc,health.pictures,premium,92,37,6,,,
78d94ec5-5613-4c2f-9af4-073cb2e4c601,health.pink,premium,92,37,6,,,
2815a960-1a41-420e-8b64-7112d0e28a63,health.place,resell,92,37,6,1API GmbH,21/09/2014 16:00,21/09/2026 16:00
d2d41f55-8bdb-407d-b8b6-26a794755b37,health.plumbing,premium,92,37,6,,,
720bcc1e-6570-42bd-8e38-696bb593fd2b,health.poker,available,92,37,6,,,
6107ee37-a7de-40ac-9622-c811b33b1c08,health.porn,premium,92,37,6,,,
531c9ade-bfa8-451a-ab80-b1b469df1c2c,health.press,premium,92,37,6,,,
d0b962e9-1fcc-4b9d-ac58-7947f9ab0516,health.productions,premium,92,37,6,,,
5fa07516-e5ca-43be-b5df-8b766c48fe83,health.prof,premium,92,37,6,,,
fc5cc797-7abc-422f-817a-b2d068280d0a,health.promo,premium,92,37,6,,,
0bc6902f-aa29-49f5-b215-884eada25ce3,health.property,premium,92,37,6,,,
c1fd15f4-e2b2-405f-928c-ec07b721d634,health.protection,available,92,37,6,,,
8644fc57-3c25-48ad-b782-cefd893414e3,health.pub,premium,92,37,6,,,
98d13e89-2b5f-411f-9a13-bc4392e2567e,health.pw,premium,92,37,6,,,
79e0e18e-558d-4d08-a9f1-524d3e8064e6,health.qpon,premium,92,37,6,,,
850ddbd6-1b1d-4ac0-badc-4bbd2b3f7a33,health.quest,premium,92,37,6,,,
4df36910-c276-4f4d-8c78-e06e9f36b672,health.racing,premium,92,37,6,,,
cdb0a7a5-62af-4622-a6d8-9671dec46e5a,health.rehab,premium,92,37,6,,,
f6ce360f-9304-4557-89a7-24f8a115023d,health.reise,premium,92,37,6,,,
67bd25ac-8e85-4147-afaa-79d9d931389a,health.reisen,premium,92,37,6,,,
65832ad8-e3cd-4073-8ed5-d849235804c4,health.rent,resell,92,37,6,"Go Daddy, LLC",06/12/2020 19:56,06/12/2026 23:59
ad8d3f33-fdec-439f-99de-1e53663ccc0f,health.repair,resell,92,37,6,"Spaceship, Inc.",27/08/2021 10:07,27/08/2026 10:07
1823554f-99fa-47a7-9094-40032c7cba90,health.republican,available,92,37,6,,,
0d561d38-d7b7-4b95-a7aa-93ff4562d53c,health.rest,premium,92,37,6,,,
f915adbe-616b-4c47-8f7c-dd6f80253d7d,health.restaurant,premium,92,37,6,,,
530b8287-775d-4e18-89a6-9d18158cfb71,health.review,premium,92,37,6,,,
fea85d6c-268c-44d3-8c27-967cf242e93a,health.reviews,premium,92,37,6,,,
87e50a1e-e794-40ff-805a-f0a57c0e54f3,health.rodeo,resell,92,37,6,Porkbun,04/05/2022 03:16,04/05/2026 03:16
400a1d0a-a30e-4cbc-ac74-cbbb66394713,health.rsvp,premium,92,37,6,,,
2d2166cc-c19d-4b04-9873-ba16d2e4222e,health.sale,premium,92,37,6,,,
bdeb3757-10bd-4246-bbf1-b4c869d01efd,health.salon,premium,92,37,6,,,
0bd7be2c-d59f-4eca-ad34-2f6dc8f83e27,health.sarl,available,92,37,6,,,
48f53371-6e6b-4c43-98d4-c238b0be9054,health.schule,available,92,37,6,,,
d064770b-3082-45a0-894b-0d9033d3dd62,health.security,available,92,37,6,,,
42d127d1-3053-46db-afe9-bcbac7c144b0,health.sexy,available,92,37,6,,,
b2b31deb-76bf-4542-94bb-e6a562b59b6e,health.shiksha,resell,92,37,6,PDR Ltd. d/b/a PublicDomainRegistry.com,08/08/2017 03:26,08/08/2026 03:26
add02dc2-85a5-47a2-9ee6-f39afe82c748,health.shoes,premium,92,37,6,,,
45d86824-44a7-49f0-bb91-777cc7f43219,health.shopping,resell,92,37,6,"Spaceship, Inc.",20/06/2023 15:15,20/06/2026 15:15
f302b891-6dba-4448-addd-c08fe501d91b,health.singles,resell,92,37,6,"NameCheap, Inc.",19/05/2023 07:45,19/05/2026 07:45
749bf534-5af9-4ab8-9cc7-128a77f61ca4,health.site,premium,92,37,6,,,
b3054089-9ee4-4242-b0e3-3584cd7a2494,health.ski,premium,92,37,6,,,
984f0561-174c-4dd4-abf5-4a74cfe76a09,health.skin,premium,92,37,6,,,
6f5b8c08-3c62-4b66-a9cd-4f7b9621827c,health.soccer,available,92,37,6,,,
49fc4e5a-9801-43bd-958c-c145ca5c71aa,health.software,premium,92,37,6,,,
d5b2f18b-f4ad-41ad-b73b-ec5fe87c9bf5,health.soy,premium,92,37,6,,,
244231d1-6380-46be-bc97-f9e8366ad293,health.space,sold,92,37,6,"Spaceship, Inc.",11/07/2025 08:24,11/07/2026 23:59
cdd19494-0e15-40ac-adb4-571c8e00912e,health.spot,premium,92,37,6,,,
a4b27113-1971-4720-a0c8-dba4f9dbe697,health.srl,available,92,37,6,,,
6fa8d92b-3474-49b1-b89c-6199f7f45b8d,health.storage,available,92,37,6,,,
e9c1a8f1-e84f-4f60-b62b-4c8b9c569dd8,health.store,sold,92,37,6,NAME DOT STORE INC,23/12/2016 11:20,23/12/2029 23:59
140870d6-cecc-4fc4-9389-4c39f6d21bb9,health.stream,resell,92,37,6,"NameSilo, LLC",26/07/2019 23:16,26/07/2032 23:16
aea2050f-1b5a-4f38-b5cb-aa927db86ad7,health.studio,expiring,92,37,6,"GoDaddy.com, LLC",03/01/2025 12:05,03/01/2026 12:05
3263015a-81bb-4bf6-b48e-437bbe4a2f19,health.study,expired,92,37,6,OPEN UNIVERSITIES AUSTRALIA PTY LTD - study,07/12/2015 00:42,07/12/2025 00:42
89c6d6a0-b06a-4eb5-a96c-5138eb232d00,health.sucks,premium,92,37,6,,,
b0e526e6-3989-4b73-ad76-a55d1d83be22,health.support,resell,92,37,6,"Spaceship, Inc.",26/03/2014 16:00,26/03/2026 16:00
477e0b99-d4e5-4f72-a927-b75564acb4b6,health.surgery,premium,92,37,6,,,
d8976b94-62eb-4ac8-983b-3355b9b66e26,health.sydney,premium,92,37,6,,,
b00b2407-e983-46a5-aa3c-b624f4bc2b23,health.taxi,expired,92,37,6,"Sav.com, LLC - 36",24/09/2024 17:00,24/09/2025 17:00
d140f42a-a4be-4734-aeeb-e255497d915c,health.tel,resell,92,37,6,RegistryGate GmbH,16/03/2009 14:01,22/03/2026 23:59
59d9f958-4c44-4766-8a54-1202aa0316b3,health.tennis,available,92,37,6,,,
fcb1965f-5f4f-4d72-9f10-7ce3df1136ce,health.theater,available,92,37,6,,,
7225c1bc-0369-4936-a11b-c9fe379214b3,health.theatre,available,92,37,6,,,
78159927-5e1f-4d6c-b69f-1c41437cb326,health.tickets,premium,92,37,6,,,
655dd9b9-8141-4c0e-89c9-533ac77fa27b,health.tienda,available,92,37,6,,,
c430f007-54a0-4c3f-bf07-abb5b2e5803c,health.tires,available,92,37,6,,,
d91d5823-74c4-431b-b7b5-a26f3b8db80a,health.today,premium,92,37,6,,,
55c8e9f4-bfb2-4c91-a9da-6723b9e4fa8f,health.tools,resell,92,37,6,Dynadot Inc,25/10/2021 13:12,25/10/2026 13:12
71ff20b1-1d2e-4ee0-ab80-6da5d5997d8f,health.tours,resell,92,37,6,"GoDaddy.com, LLC",24/09/2016 17:45,24/09/2026 17:45
17268df3-d72a-4824-8047-45b3103389d2,health.town,resell,92,37,6,Dynadot Inc,23/03/2022 13:15,23/03/2027 13:15
cbe4df44-a5cf-4897-a7e2-2b49b79df793,health.toys,resell,92,37,6,Porkbun LLC,29/01/2023 15:15,29/01/2026 15:15
7bb4becf-a05e-4798-989c-e70def4f2fae,health.trade,resell,92,37,6,Porkbun,29/07/2019 12:29,29/07/2030 12:29
ad14a33f-31e2-449b-96ae-17bee0ede4c5,health.tube,expired,92,37,6,"Latin American Telecom, LLC",08/11/2017 19:27,08/11/2025 19:27
1bbd9197-042b-4d62-8ada-209317f23faa,health.tv,expiring,92,37,6,"eNom, LLC",26/12/2000 08:00,26/12/2025 08:00
a16ad055-9033-4086-a618-e0e40fcf7951,health.uno,premium,92,37,6,,,
acd4a46a-6134-4bae-9e42-12c5fc6fa410,health.vacations,resell,92,37,6,"GoDaddy.com, LLC",28/08/2025 03:42,28/08/2026 03:42
67da738a-ac47-4ec6-98cd-7734b5974770,health.vana,available,92,37,6,,,
9b419d75-0f89-47ab-b2ce-ee6997f2aa25,health.viajes,available,92,37,6,,,
f39ae48f-6342-4533-8f29-58f7ba718935,health.video,premium,92,37,6,,,
d5c0504d-ba90-4202-b965-42e81f2b902e,health.villas,premium,92,37,6,,,
9f8a54bd-9ee1-4f14-b289-e5e44c56f39d,health.vin,premium,92,37,6,,,
e120958f-980e-45c8-9501-6b2de2b03390,health.vision,expiring,92,37,6,"GoDaddy.com, LLC",11/12/2020 05:49,11/12/2025 05:49
ac88006d-067b-427d-b979-54b715072780,health.vodka,available,92,37,6,,,
a776ef27-e981-4be6-ad9b-e20cbe2c718e,health.voting,available,92,37,6,,,
47a0217a-8ad2-49b0-976b-5c3a5bc170ed,health.voto,resell,92,37,6,"Sav.com, LLC - 48",24/10/2025 15:15,24/10/2026 15:15
168dafe6-8c1a-452b-beb1-229b84e32598,health.webcam,premium,92,37,6,,,